SID,start_time,end_time,start_year,max_wind,n_track_points,mean_lat,mean_lon,any_landfall,first_landfall_time,first_landfall_lat,first_landfall_lon,first_landfall_wind,first_landfall_nature,peak_intensity,landfall_intensity
1950269N05153,1950-10-01 00:00:00,1950-10-05 06:00:00,1950,100.0,35,18.52857142857143,119.07428571428572,True,1950-10-01 18:00:00,16.7,122.3,60.0,TS,TY,TS
1950322N06138,1950-11-19 18:00:00,1950-11-22 18:00:00,1950,60.0,25,12.012,120.012,True,1950-11-20 06:00:00,9.3,125.8,40.0,TS,TS,TS
1950360N10141,1950-12-29 00:00:00,1951-01-01 06:00:00,1950,80.0,27,13.962962962962964,120.33333333333333,True,1950-12-29 18:00:00,13.8,123.8,70.0,TS,TY,TY
1951119N06145,1951-04-29 12:00:00,1951-05-12 18:00:00,1951,150.0,107,17.034579439252337,131.7495327102804,True,1951-05-04 21:00:00,12.0,125.1,95.0,TS,STY,TY
1951206N11145,1951-07-26 12:00:00,1951-08-02 00:00:00,1951,120.0,53,16.750943396226415,124.31698113207547,True,1951-07-30 00:00:00,17.2,122.3,100.0,TS,TY,TY
1951239N11144,1951-08-30 06:00:00,1951-09-04 00:00:00,1951,100.0,39,18.646153846153847,117.83846153846153,True,1951-09-01 03:00:00,18.2,121.8,73.0,TS,TY,TY
1951263N08137,1951-09-24 00:00:00,1951-09-26 18:00:00,1951,90.0,23,20.795652173913044,119.09565217391304,True,1951-09-24 03:00:00,17.8,121.7,28.0,TS,TY,TD
1951321N09143,1951-11-18 00:00:00,1951-11-26 12:00:00,1951,90.0,69,12.555072463768115,119.44782608695651,True,1951-11-20 12:00:00,11.4,125.4,90.0,TS,TY,TY
1951337N09150,1951-12-03 00:00:00,1951-12-17 06:00:00,1951,120.0,115,11.125217391304348,126.44434782608695,True,1951-12-09 12:00:00,10.7,124.8,90.0,TS,TY,TY
1952180N05144,1952-06-28 00:00:00,1952-07-06 12:00:00,1952,110.0,69,11.959420289855073,126.1768115942029,True,1952-07-02 06:00:00,10.1,125.2,90.0,TS,TY,TY
1952236N10135,1952-08-22 12:00:00,1952-08-30 00:00:00,1952,75.0,61,16.42622950819672,118.06721311475411,True,1952-08-25 12:00:00,15.9,121.4,40.0,TS,TY,TS
1952241N08137,1952-08-29 12:00:00,1952-09-04 12:00:00,1952,65.0,49,23.26938775510204,125.10408163265306,True,1952-08-31 21:00:00,18.3,122.3,63.0,TS,TY,TS
1952245N09139,1952-09-02 12:00:00,1952-09-08 12:00:00,1952,80.0,49,18.183673469387756,115.7204081632653,True,1952-09-04 06:00:00,17.3,122.3,65.0,TS,TY,TY
1952287N09148,1952-10-15 12:00:00,1952-10-26 00:00:00,1952,120.0,85,11.864705882352942,125.34117647058824,True,1952-10-22 00:00:00,13.7,123.2,100.0,TS,TY,TY
1952289N15128,1952-10-17 00:00:00,1952-10-20 18:00:00,1952,65.0,31,12.558064516129033,114.19999999999999,True,1952-10-17 00:00:00,12.9,121.2,25.0,MX,TY,TD
1952296N06152,1952-10-21 12:00:00,1952-10-31 12:00:00,1952,160.0,81,10.962962962962964,129.1679012345679,True,1952-10-27 03:00:00,11.3,125.6,125.0,TS,STY,TY
1952326N07144,1952-11-22 06:00:00,1952-11-27 12:00:00,1952,150.0,43,17.390697674418604,123.31395348837209,True,1952-11-25 00:00:00,17.1,122.2,100.0,TS,STY,TY
1952352N07147,1952-12-16 12:00:00,1952-12-25 12:00:00,1952,130.0,73,11.145205479452056,125.36712328767122,True,1952-12-20 21:00:00,12.2,124.9,60.0,TS,STY,TS
1953148N08150,1953-05-28 00:00:00,1953-06-07 18:00:00,1953,120.0,87,16.164367816091954,131.7229885057471,True,1953-06-04 00:00:00,17.2,122.2,60.0,TS,TY,TS
1953172N08142,1953-06-24 00:00:00,1953-06-26 00:00:00,1953,40.0,17,14.958823529411765,124.51176470588234,True,1953-06-25 18:00:00,16.2,122.1,35.0,TS,TS,TS
1953299N09138,1953-10-25 12:00:00,1953-11-02 00:00:00,1953,130.0,61,15.242622950819671,119.51147540983607,True,1953-10-28 00:00:00,14.8,121.6,40.0,TS,STY,TS
1953313N06155,1953-11-08 18:00:00,1953-11-20 00:00:00,1953,120.0,91,12.878021978021978,133.47582417582416,True,1953-11-16 18:00:00,17.3,122.3,90.0,TS,TY,TY
1954060N06136,1954-03-01 00:00:00,1954-03-04 12:00:00,1954,50.0,29,8.448275862068966,129.35172413793103,True,1954-03-03 18:00:00,9.6,125.6,35.0,TS,TS,TS
1954125N07131,1954-05-05 00:00:00,1954-05-12 18:00:00,1954,100.0,63,12.792063492063491,117.6952380952381,True,1954-05-06 12:00:00,8.5,126.4,35.0,TS,TY,TS
1954273N16146,1954-09-30 00:00:00,1954-10-13 00:00:00,1954,85.0,105,16.932380952380953,128.06952380952382,True,1954-10-08 00:00:00,17.4,121.8,80.0,TS,TY,TY
1954307N04148,1954-11-02 12:00:00,1954-11-11 12:00:00,1954,150.0,73,13.093150684931507,129.36712328767123,True,1954-11-08 09:00:00,16.3,121.4,65.0,TS,STY,TY
1954314N11152,1954-11-10 00:00:00,1954-11-20 06:00:00,1954,150.0,83,14.571084337349399,131.43975903614458,True,1954-11-17 21:00:00,17.1,122.5,138.0,TS,STY,STY
1954326N12157,1954-11-22 00:00:00,1954-12-01 06:00:00,1954,125.0,75,11.585333333333333,139.24533333333332,True,1954-11-29 09:00:00,11.1,124.6,78.0,TS,TY,TY
1955001N08140,1955-01-01 18:00:00,1955-01-06 06:00:00,1955,70.0,37,7.356756756756757,128.47027027027025,True,1955-01-04 15:00:00,7.3,126.4,65.0,TS,TY,TY
1955259N10153,1955-09-16 06:00:00,1955-09-26 18:00:00,1955,130.0,85,15.379999999999999,128.31058823529412,True,1955-09-23 06:00:00,17.7,122.0,115.0,TS,STY,TY
1955329N10129,1955-11-29 12:00:00,1955-12-03 06:00:00,1955,130.0,31,19.796774193548387,131.10645161290324,True,1955-11-29 15:00:00,13.6,123.0,43.0,TS,STY,TS
1956107N06147,1956-04-16 00:00:00,1956-04-25 00:00:00,1956,150.0,73,15.657534246575343,129.8082191780822,True,1956-04-21 12:00:00,16.3,121.6,95.0,TS,STY,TY
1956187N12126,1956-07-05 06:00:00,1956-07-08 12:00:00,1956,80.0,27,15.881481481481481,116.34074074074073,True,1956-07-05 06:00:00,12.2,125.4,25.0,TS,TY,TD
1956220N08137,1956-08-09 00:00:00,1956-08-10 12:00:00,1956,40.0,13,16.407692307692308,124.26153846153846,True,1956-08-10 06:00:00,18.0,121.5,30.0,TS,TS,TD
1956238N14143,1956-08-25 00:00:00,1956-09-02 00:00:00,1956,110.0,65,17.70769230769231,121.47692307692307,True,1956-08-28 21:00:00,17.9,121.4,60.0,TS,TY,TS
1956261N12129,1956-09-18 00:00:00,1956-09-24 12:00:00,1956,140.0,53,19.50188679245283,121.87358490566038,True,1956-09-18 15:00:00,12.3,125.1,80.0,TS,STY,TY
1956288N11132,1956-10-16 00:00:00,1956-10-26 12:00:00,1956,130.0,85,18.69294117647059,121.23882352941176,True,1956-10-20 21:00:00,17.2,122.1,130.0,TS,STY,STY
1956314N08153,1956-11-10 00:00:00,1956-11-21 06:00:00,1956,95.0,86,13.529069767441861,127.24651162790698,True,1956-11-15 12:00:00,16.4,121.8,80.0,TS,TY,TY
1956329N09136,1956-11-24 06:00:00,1956-11-29 18:00:00,1956,75.0,45,13.69111111111111,126.97333333333334,True,1956-11-28 21:00:00,15.9,121.2,53.0,TS,TY,TS
1956342N14128,1956-12-07 06:00:00,1956-12-10 06:00:00,1956,85.0,25,13.927999999999999,124.712,True,1956-12-09 00:00:00,13.6,124.2,85.0,TS,TY,TY
1957003N07140,1957-01-03 00:00:00,1957-01-07 06:00:00,1957,40.0,35,9.314285714285715,130.3057142857143,True,1957-01-06 06:00:00,10.5,124.9,30.0,MX,TS,TD
1957192N07141,1957-07-11 00:00:00,1957-07-17 12:00:00,1957,90.0,53,16.30754716981132,123.89056603773585,True,1957-07-14 12:00:00,17.1,122.5,90.0,TS,TY,TY
1957261N12135,1957-09-18 00:00:00,1957-09-22 00:00:00,1957,90.0,33,16.296969696969697,124.9030303030303,True,1957-09-20 12:00:00,17.6,122.0,90.0,TS,TY,TY
1957284N13133,1957-10-12 00:00:00,1957-10-15 12:00:00,1957,45.0,29,16.93448275862069,118.52413793103447,True,1957-10-13 00:00:00,15.0,121.3,35.0,TS,TS,TS
1957309N11161,1957-11-06 06:00:00,1957-11-17 12:00:00,1957,140.0,91,16.852747252747253,130.86043956043954,True,1957-11-11 21:00:00,15.7,121.5,105.0,TS,STY,TY
1958293N12128,1958-10-20 06:00:00,1958-10-27 12:00:00,1958,100.0,59,13.916949152542374,116.36271186440678,True,1958-10-20 21:00:00,12.4,124.9,35.0,TS,TY,TS
1959248N13132,1959-09-05 12:00:00,1959-09-12 18:00:00,1959,50.0,59,20.471186440677965,120.74745762711865,True,1959-09-07 21:00:00,18.4,121.5,20.0,MX,TS,TD
1959278N15118,1959-10-05 12:00:00,1959-10-10 00:00:00,1959,40.0,37,18.82702702702703,119.94054054054054,True,1959-10-06 06:00:00,15.4,120.1,25.0,TS,TS,TD
1959317N09137,1959-11-13 00:00:00,1959-11-21 00:00:00,1959,115.0,65,18.146153846153847,129.9,True,1959-11-16 03:00:00,13.6,124.3,95.0,TS,TY,TY
1959346N06147,1959-12-13 00:00:00,1959-12-22 12:00:00,1959,150.0,77,10.589610389610389,125.36623376623378,True,1959-12-18 03:00:00,12.2,125.2,135.0,TS,STY,STY
1959356N05152,1959-12-24 00:00:00,1960-01-02 18:00:00,1959,130.0,79,10.770886075949367,133.9367088607595,True,1959-12-31 00:00:00,13.8,124.2,120.0,TS,STY,TY
1960112N09127,1960-04-22 00:00:00,1960-04-26 12:00:00,1960,75.0,37,15.25135135135135,120.57027027027029,True,1960-04-22 06:00:00,10.1,123.2,25.0,TS,TY,TD
1960146N08131,1960-05-25 06:00:00,1960-06-01 12:00:00,1960,45.0,59,17.40169491525424,129.96101694915254,True,1960-05-27 09:00:00,13.2,124.1,15.0,TS,TS,TD
1960173N08137,1960-06-23 18:00:00,1960-06-30 18:00:00,1960,125.0,57,16.549122807017543,119.59649122807018,True,1960-06-25 18:00:00,13.6,124.2,110.0,TS,TY,TY
1960243N11137,1960-08-30 12:00:00,1960-09-04 00:00:00,1960,45.0,37,14.116216216216214,123.56756756756756,True,1960-09-02 00:00:00,15.1,121.4,30.0,TS,TS,TD
1960273N10142,1960-10-02 12:00:00,1960-10-13 18:00:00,1960,90.0,91,15.685714285714287,119.57252747252748,True,1960-10-06 12:00:00,12.9,123.6,85.0,TS,TY,TY
1960282N21132,1960-10-08 12:00:00,1960-10-17 06:00:00,1960,80.0,71,17.798591549295775,120.9338028169014,True,1960-10-13 09:00:00,15.7,121.6,65.0,TS,TY,TY
1961193N12146,1961-07-16 00:00:00,1961-07-19 18:00:00,1961,45.0,31,18.73548387096774,120.7709677419355,True,1961-07-17 15:00:00,16.3,121.1,38.0,TS,TS,TS
1962135N07132,1962-05-16 06:00:00,1962-05-22 12:00:00,1962,80.0,51,18.32941176470588,126.70588235294117,True,1962-05-17 00:00:00,11.0,124.9,40.0,TS,TY,TS
1962217N10142,1962-08-06 00:00:00,1962-08-11 18:00:00,1962,65.0,47,15.172340425531916,119.70212765957447,True,1962-08-08 03:00:00,12.1,123.3,60.0,TS,TY,TS
1962308N08138,1962-11-06 06:00:00,1962-11-12 12:00:00,1962,90.0,51,15.01372549019608,114.20980392156862,True,1962-11-06 06:00:00,12.4,124.9,50.0,TS,TY,TS
1962327N05144,1962-11-25 00:00:00,1962-12-01 18:00:00,1962,100.0,55,9.505454545454544,118.32727272727273,True,1962-11-27 15:00:00,10.6,122.1,65.0,TS,TY,TY
1963167N09156,1963-06-26 06:00:00,1963-07-01 06:00:00,1963,70.0,41,18.429268292682927,120.04634146341462,True,1963-06-27 21:00:00,16.8,122.0,58.0,TS,TY,TS
1963196N10146,1963-07-17 12:00:00,1963-07-22 18:00:00,1963,85.0,43,17.844186046511627,122.46744186046513,True,1963-07-20 09:00:00,18.2,121.7,70.0,TS,TY,TY
1963219N09146,1963-08-07 12:00:00,1963-08-17 18:00:00,1963,125.0,83,13.937349397590362,125.61807228915661,True,1963-08-13 00:00:00,13.7,124.3,110.0,TS,TY,TY
1964177N09142,1964-06-26 00:00:00,1964-07-03 12:00:00,1964,100.0,61,16.09344262295082,121.00327868852459,True,1964-06-29 15:00:00,14.6,121.5,80.0,TS,TY,TY
1964196N17144,1964-07-13 18:00:00,1964-07-18 18:00:00,1964,100.0,41,14.51951219512195,130.41463414634146,True,1964-07-17 21:00:00,15.3,120.8,58.0,TS,TY,TS
1964215N07150,1964-08-02 06:00:00,1964-08-09 06:00:00,1964,135.0,57,15.566666666666666,128.640350877193,True,1964-08-06 21:00:00,17.7,121.8,108.0,TS,STY,TY
1964269N12142,1964-09-25 12:00:00,1964-10-01 12:00:00,1964,60.0,49,14.955102040816326,124.14081632653061,True,1964-09-28 21:00:00,13.8,122.9,45.0,TS,TS,TS
1964276N07142,1964-10-02 00:00:00,1964-10-08 06:00:00,1964,80.0,51,15.527450980392157,121.48823529411764,True,1964-10-05 00:00:00,16.3,122.1,80.0,TS,TY,TY
1964278N07156,1964-10-06 06:00:00,1964-10-13 12:00:00,1964,90.0,59,16.54915254237288,121.6728813559322,True,1964-10-09 06:00:00,17.3,122.1,70.0,TS,TY,TY
1964291N11143,1964-10-20 00:00:00,1964-10-23 18:00:00,1964,45.0,31,16.099999999999998,117.21290322580644,True,1964-10-21 06:00:00,15.5,120.8,35.0,TS,TS,TS
1964319N08141,1964-11-15 06:00:00,1964-11-24 00:00:00,1964,165.0,71,10.801408450704225,126.00704225352112,True,1964-11-19 12:00:00,10.1,124.4,100.0,TS,STY,TY
1964332N12120,1964-11-27 00:00:00,1964-11-28 18:00:00,1964,55.0,15,13.066666666666666,120.88000000000001,True,1964-11-28 03:00:00,13.3,120.6,40.0,TS,TS,TS
1964344N06153,1964-12-08 18:00:00,1964-12-16 00:00:00,1964,170.0,59,10.888135593220339,133.16101694915255,True,1964-12-14 18:00:00,15.5,121.4,75.0,TS,STY,TY
1965065N10128,1965-03-06 06:00:00,1965-03-07 06:00:00,1965,40.0,9,10.966666666666667,126.89999999999999,True,1965-03-07 06:00:00,11.5,125.3,25.0,TS,TS,TD
1965187N08144,1965-07-07 06:00:00,1965-07-16 00:00:00,1965,140.0,71,15.201408450704225,126.48732394366198,True,1965-07-13 06:00:00,17.4,122.2,130.0,TS,STY,STY
1965194N06156,1965-07-13 00:00:00,1965-07-23 12:00:00,1965,60.0,85,14.697647058823529,128.18588235294118,True,1965-07-19 06:00:00,17.0,122.4,25.0,TS,TS,TD
1966130N06139,1966-05-11 06:00:00,1966-05-22 00:00:00,1966,120.0,87,13.568965517241379,125.84827586206896,True,1966-05-15 15:00:00,11.4,125.4,90.0,TS,TY,TY
1966299N10137,1966-10-27 06:00:00,1966-11-02 12:00:00,1966,60.0,51,16.21372549019608,127.71764705882353,True,1966-10-31 09:00:00,17.7,121.8,58.0,TS,TS,TS
1966321N09138,1966-11-18 06:00:00,1966-11-26 00:00:00,1966,60.0,63,13.79047619047619,118.93174603174603,True,1966-11-19 21:00:00,13.9,123.4,60.0,TS,TS,TS
1966358N07139,1966-12-25 12:00:00,1966-12-30 18:00:00,1966,90.0,43,12.304651162790698,120.79302325581396,True,1966-12-26 15:00:00,12.1,125.4,85.0,TS,TY,TY
1967059N02145,1967-03-01 06:00:00,1967-03-04 00:00:00,1967,85.0,23,9.056521739130433,128.60434782608695,True,1967-03-03 09:00:00,10.1,124.4,55.0,TS,TY,TS
1967091N04151,1967-04-01 00:00:00,1967-04-11 00:00:00,1967,120.0,81,14.067901234567902,130.8469135802469,True,1967-04-08 03:00:00,17.4,122.2,100.0,TS,TY,TY
1967283N11150,1967-10-12 06:00:00,1967-10-20 00:00:00,1967,160.0,63,16.02698412698413,125.93650793650794,True,1967-10-17 00:00:00,17.9,121.8,100.0,TS,STY,TY
1967303N07150,1967-10-31 00:00:00,1967-11-08 00:00:00,1967,140.0,65,14.121538461538462,124.01076923076923,True,1967-11-03 15:00:00,13.1,123.7,103.0,TS,STY,TY
1967310N11129,1967-11-07 06:00:00,1967-11-10 18:00:00,1967,85.0,29,11.210344827586209,114.67931034482758,True,1967-11-07 06:00:00,9.4,125.9,45.0,TS,TY,TS
1968218N15141,1968-08-10 00:00:00,1968-08-13 12:00:00,1968,60.0,29,18.689655172413794,113.7344827586207,True,1968-08-10 06:00:00,17.8,121.5,25.0,TS,TS,TD
1968227N14145,1968-08-17 00:00:00,1968-08-21 18:00:00,1968,65.0,39,18.317948717948717,121.66666666666667,True,1968-08-19 06:00:00,17.7,121.7,50.0,TS,TY,TS
1968266N06142,1968-09-24 06:00:00,1968-10-01 12:00:00,1968,150.0,59,17.001694915254237,123.61525423728814,True,1968-09-28 09:00:00,18.0,122.1,100.0,TS,STY,TY
1968314N08138,1968-11-12 06:00:00,1968-11-24 00:00:00,1968,65.0,95,11.66,123.99263157894737,True,1968-11-18 18:00:00,10.0,125.6,55.0,TS,TY,TS
1968320N07168,1968-11-18 12:00:00,1968-11-28 00:00:00,1968,70.0,77,11.362337662337662,126.69220779220778,True,1968-11-23 15:00:00,11.4,125.1,53.0,TS,TY,TS
1968325N05168,1968-11-22 00:00:00,1968-11-29 18:00:00,1968,120.0,63,15.134920634920634,134.45396825396827,True,1968-11-29 12:00:00,15.7,121.4,30.0,TS,TY,TD
1969105N06148,1969-04-18 06:00:00,1969-04-25 06:00:00,1969,105.0,57,8.428070175438597,130.72456140350877,True,1969-04-23 15:00:00,9.8,126.1,75.0,TS,TY,TY
1970190N12140,1970-07-12 00:00:00,1970-07-16 06:00:00,1970,55.0,35,17.145714285714288,121.21428571428571,True,1970-07-13 21:00:00,17.8,122.0,45.0,TS,TS,TS
1970215N21137,1970-08-06 00:00:00,1970-08-09 06:00:00,1970,40.0,27,18.329629629629633,118.88888888888889,True,1970-08-06 21:00:00,16.4,122.2,40.0,TS,TS,TS
1970250N15140,1970-09-08 00:00:00,1970-09-14 06:00:00,1970,140.0,51,17.258823529411767,122.82549019607843,True,1970-09-11 03:00:00,16.4,121.4,113.0,TS,STY,TY
1970282N08147,1970-10-10 00:00:00,1970-10-18 00:00:00,1970,150.0,65,14.618461538461538,121.47076923076924,True,1970-10-13 06:00:00,13.6,123.5,115.0,TS,STY,TY
1970286N06143,1970-10-14 06:00:00,1970-10-25 12:00:00,1970,130.0,91,10.621978021978022,122.92527472527473,True,1970-10-18 12:00:00,6.7,125.3,110.0,TS,STY,TY
1970299N10157,1970-10-28 06:00:00,1970-11-06 12:00:00,1970,55.0,75,14.474666666666666,122.988,True,1970-11-01 00:00:00,13.9,123.0,35.0,TS,TS,TS
1970318N13157,1970-11-14 06:00:00,1970-11-22 06:00:00,1970,135.0,65,15.155384615384616,127.6246153846154,True,1970-11-19 00:00:00,14.7,122.4,110.0,TS,STY,TY
1971112N11132,1971-04-23 06:00:00,1971-05-04 00:00:00,1971,75.0,87,12.790804597701149,115.45632183908047,True,1971-04-24 03:00:00,11.3,125.4,45.0,TS,TY,TS
1971141N07156,1971-05-25 06:00:00,1971-05-30 06:00:00,1971,90.0,41,16.302439024390242,116.65365853658537,True,1971-05-26 00:00:00,12.5,125.1,85.0,TS,TY,TY
1971160N10135,1971-06-14 12:00:00,1971-06-18 00:00:00,1971,75.0,29,19.03793103448276,118.85517241379311,True,1971-06-15 09:00:00,17.3,122.3,63.0,TS,TY,TS
1971173N09136,1971-06-24 12:00:00,1971-06-28 06:00:00,1971,90.0,31,15.741935483870968,117.40645161290323,True,1971-06-25 00:00:00,11.8,124.9,70.0,TS,TY,TY
1971181N09138,1971-07-02 06:00:00,1971-07-07 00:00:00,1971,125.0,39,14.353846153846153,116.44615384615383,True,1971-07-03 03:00:00,11.3,124.9,50.0,TS,TY,TS
1971190N09141,1971-07-09 12:00:00,1971-07-18 00:00:00,1971,85.0,69,12.51159420289855,125.33623188405798,True,1971-07-14 03:00:00,11.5,125.5,80.0,TS,TY,TY
1971218N08161,1971-08-10 00:00:00,1971-08-17 00:00:00,1971,120.0,57,17.99298245614035,125.16666666666667,True,1971-08-13 18:00:00,17.5,122.0,95.0,TS,TY,TY
1971267N12130,1971-09-27 00:00:00,1971-09-30 18:00:00,1971,70.0,31,18.532258064516128,112.85161290322581,True,1971-09-27 00:00:00,16.9,122.2,30.0,TS,TY,TD
1971274N06134,1971-10-03 06:00:00,1971-10-09 12:00:00,1971,100.0,51,15.60392156862745,115.62745098039215,True,1971-10-03 09:00:00,12.3,125.3,40.0,TS,TY,TS
1971275N10176,1971-10-04 18:00:00,1971-10-13 06:00:00,1971,65.0,56,15.148214285714285,131.95892857142857,True,1971-10-10 12:00:00,17.3,122.4,35.0,TS,TY,TS
1971281N16134,1971-10-07 18:00:00,1971-10-11 00:00:00,1971,65.0,27,15.725925925925926,125.25925925925925,True,1971-10-10 03:00:00,15.0,121.4,38.0,TS,TY,TS
1971291N11134,1971-10-19 12:00:00,1971-10-23 18:00:00,1971,90.0,35,11.985714285714286,117.41714285714286,True,1971-10-20 06:00:00,9.5,125.5,50.0,TS,TY,TS
1972004N10142,1972-01-05 00:00:00,1972-01-15 12:00:00,1972,120.0,85,12.242352941176469,130.11411764705883,True,1972-01-08 00:00:00,10.8,124.8,80.0,TS,TY,TY
1972174N11137,1972-06-22 00:00:00,1972-06-30 18:00:00,1972,80.0,71,19.149295774647886,117.18028169014083,True,1972-06-24 18:00:00,13.3,123.4,65.0,TS,TY,TY
1972187N11126,1972-07-05 00:00:00,1972-07-16 12:00:00,1972,65.0,93,20.550537634408602,118.02043010752688,True,1972-07-05 06:00:00,12.1,125.4,25.0,TS,TY,TD
1972244N12123,1972-08-30 12:00:00,1972-09-04 18:00:00,1972,75.0,43,14.86046511627907,112.81395348837209,True,1972-08-30 15:00:00,12.4,122.0,25.0,TS,TY,TD
1972251N12137,1972-09-09 00:00:00,1972-09-18 12:00:00,1972,75.0,77,14.88051948051948,113.48181818181818,True,1972-09-10 06:00:00,14.8,121.5,45.0,MX,TY,TS
1972307N18144,1972-11-03 00:00:00,1972-11-09 18:00:00,1972,110.0,55,16.44181818181818,120.65454545454546,True,1972-11-05 00:00:00,12.3,124.8,75.0,TS,TY,TY
1972335N06142,1972-11-30 00:00:00,1972-12-12 00:00:00,1972,105.0,97,11.395876288659794,120.06701030927834,True,1972-12-03 06:00:00,8.3,126.1,75.0,TS,TY,TY
1973179N11128,1973-06-30 00:00:00,1973-07-06 00:00:00,1973,60.0,49,23.83877551020408,117.7938775510204,True,1973-06-30 00:00:00,16.8,122.0,25.0,TS,TS,TD
1973242N12136,1973-09-02 00:00:00,1973-09-09 00:00:00,1973,75.0,57,19.90701754385965,113.56315789473685,True,1973-09-02 18:00:00,18.9,121.9,40.0,TS,TY,TS
1973253N14129,1973-09-11 00:00:00,1973-09-16 00:00:00,1973,80.0,41,18.787804878048778,112.4829268292683,True,1973-09-11 12:00:00,16.8,122.4,30.0,MX,TY,TD
1973284N12144,1973-10-11 00:00:00,1973-10-21 00:00:00,1973,90.0,81,16.5,120.68024691358025,True,1973-10-15 15:00:00,15.7,121.3,68.0,TS,TY,TY
1973317N08122,1973-11-14 00:00:00,1973-11-18 12:00:00,1973,55.0,37,9.767567567567568,107.7,True,1973-11-14 00:00:00,9.1,118.0,25.0,TS,TS,TD
1973320N05142,1973-11-19 00:00:00,1973-11-27 12:00:00,1973,50.0,69,14.04782608695652,118.11739130434783,True,1973-11-19 21:00:00,11.5,125.2,30.0,TS,TS,TD
1974156N06144,1974-06-07 00:00:00,1974-06-14 18:00:00,1974,70.0,63,16.482539682539684,118.36984126984127,True,1974-06-10 06:00:00,16.1,121.3,60.0,TS,TY,TS
1974197N11147,1974-07-16 00:00:00,1974-07-24 00:00:00,1974,95.0,65,16.76,123.84615384615384,True,1974-07-20 03:00:00,15.7,121.5,78.0,TS,TY,TY
1974280N11143,1974-10-08 00:00:00,1974-10-14 12:00:00,1974,65.0,53,17.249056603773585,120.94905660377358,True,1974-10-11 00:00:00,17.7,122.1,65.0,TS,TY,TY
1974286N11138,1974-10-13 00:00:00,1974-10-20 12:00:00,1974,75.0,61,16.68360655737705,121.19836065573772,True,1974-10-16 09:00:00,16.2,122.0,65.0,TS,TY,TY
1974291N10150,1974-10-20 00:00:00,1974-10-27 12:00:00,1974,90.0,61,17.272131147540982,119.40655737704918,True,1974-10-23 06:00:00,19.3,121.5,70.0,TS,TY,TY
1974296N14148,1974-10-23 00:00:00,1974-11-01 00:00:00,1974,95.0,73,18.102739726027398,125.93287671232878,True,1974-10-28 00:00:00,17.5,121.6,80.0,TS,TY,TY
1974303N13130,1974-10-31 00:00:00,1974-11-05 12:00:00,1974,55.0,45,14.084444444444443,115.67777777777778,True,1974-11-01 18:00:00,13.7,121.1,35.0,TS,TS,TS
1974306N07142,1974-11-02 00:00:00,1974-11-10 00:00:00,1974,120.0,65,15.410769230769231,127.77076923076923,True,1974-11-07 00:00:00,18.0,121.5,95.0,TS,TY,TY
1974324N08146,1974-11-20 00:00:00,1974-12-03 00:00:00,1974,115.0,105,14.964761904761904,127.50666666666667,True,1974-11-28 03:00:00,15.4,121.1,80.0,TS,TY,TY
1974352N09140,1974-12-18 00:00:00,1974-12-24 12:00:00,1974,40.0,53,10.354716981132075,122.00754716981132,True,1974-12-20 12:00:00,11.2,124.9,30.0,TS,TS,TD
1975019N09140,1975-01-21 00:00:00,1975-01-28 12:00:00,1975,70.0,61,11.211475409836066,123.3983606557377,True,1975-01-24 09:00:00,9.6,125.5,58.0,TS,TY,TS
1975111N05132,1975-04-22 00:00:00,1975-04-28 00:00:00,1975,25.0,49,11.459183673469388,119.71020408163265,True,1975-04-22 00:00:00,8.3,125.9,20.0,MX,TD,TD
1975258N12132,1975-09-15 00:00:00,1975-09-21 06:00:00,1975,75.0,51,16.26078431372549,118.61372549019609,True,1975-09-17 21:00:00,16.1,121.1,70.0,TS,TY,TY
1975281N10142,1975-10-08 00:00:00,1975-10-15 00:00:00,1975,135.0,57,18.056140350877193,126.21052631578948,True,1975-10-12 09:00:00,20.7,121.8,128.0,TS,STY,TY
1975288N13138,1975-10-15 00:00:00,1975-10-23 12:00:00,1975,70.0,58,16.25344827586207,121.98275862068965,True,1975-10-19 00:00:00,17.1,121.5,25.0,TS,TY,TD
1975305N14125,1975-11-01 00:00:00,1975-11-04 12:00:00,1975,45.0,29,14.075862068965517,117.12068965517241,True,1975-11-02 00:00:00,14.9,121.1,25.0,TS,TS,TD
1975360N10127,1975-12-26 00:00:00,1975-12-30 12:00:00,1975,30.0,37,14.694594594594596,127.30000000000001,True,1975-12-27 18:00:00,14.2,121.6,30.0,TS,TD,TD
1976131N12142,1976-05-10 00:00:00,1976-05-28 12:00:00,1976,100.0,149,15.901342281879195,128.5691275167785,True,1976-05-21 00:00:00,16.5,122.2,100.0,TS,TY,TY
1976172N11141,1976-06-20 00:00:00,1976-07-05 12:00:00,1976,120.0,125,20.570400000000003,129.91039999999998,True,1976-06-24 09:00:00,13.9,124.2,55.0,TS,TY,TS
1976233N13136,1976-08-20 00:00:00,1976-08-25 12:00:00,1976,45.0,45,19.24222222222222,121.19333333333333,True,1976-08-22 09:00:00,17.9,121.7,35.0,TS,TS,TS
1976336N08133,1976-12-01 00:00:00,1976-12-08 00:00:00,1976,45.0,57,12.440350877192984,126.07894736842105,True,1976-12-04 21:00:00,12.5,124.4,43.0,TS,TS,TS
1977194N06142,1977-07-16 12:00:00,1977-07-21 12:00:00,1977,75.0,41,16.378048780487806,116.52439024390245,True,1977-07-17 00:00:00,12.2,125.4,40.0,TS,TY,TS
1977254N19147,1977-09-14 12:00:00,1977-09-23 18:00:00,1977,75.0,75,18.288,117.86933333333334,True,1977-09-15 15:00:00,18.0,122.0,55.0,TS,TY,TS
1977308N07156,1977-11-06 06:00:00,1977-11-17 00:00:00,1977,125.0,87,15.145977011494253,132.15632183908048,True,1977-11-13 21:00:00,15.0,121.3,100.0,TS,TY,TY
1977352N05171,1977-12-20 06:00:00,1978-01-03 18:00:00,1977,95.0,117,10.344444444444443,154.1871794871795,True,1978-01-02 03:00:00,10.2,125.6,30.0,TS,TY,TD
1978105N04149,1978-04-15 00:00:00,1978-04-26 18:00:00,1978,85.0,95,12.953684210526315,127.09157894736843,True,1978-04-20 00:00:00,11.3,124.7,60.0,TS,TY,TS
1978177N11130,1978-06-26 00:00:00,1978-06-30 18:00:00,1978,35.0,39,11.492307692307692,119.11794871794872,True,1978-06-27 00:00:00,11.3,125.6,20.0,MX,TS,TD
1978230N09136,1978-08-18 00:00:00,1978-08-28 00:00:00,1978,65.0,81,16.119753086419752,123.86172839506172,True,1978-08-23 15:00:00,17.9,121.9,28.0,TS,TY,TD
1978262N14135,1978-09-20 00:00:00,1978-09-26 12:00:00,1978,50.0,53,15.645283018867925,118.28113207547169,True,1978-09-22 15:00:00,15.4,120.7,25.0,TS,TS,TD
1978264N08147,1978-09-20 12:00:00,1978-10-02 18:00:00,1978,75.0,99,14.224242424242425,125.76565656565656,True,1978-09-26 18:00:00,13.1,123.7,50.0,TS,TY,TS
1978279N14142,1978-10-06 00:00:00,1978-10-16 12:00:00,1978,60.0,85,16.122352941176473,121.04823529411765,True,1978-10-09 18:00:00,15.0,121.5,50.0,TS,TS,TS
1978288N10185,1978-10-15 00:00:00,1978-10-29 18:00:00,1978,150.0,119,12.30420168067227,112.68319327731092,True,1978-10-26 18:00:00,15.5,121.2,100.0,TS,STY,TY
1978320N15130,1978-11-15 18:00:00,1978-11-20 00:00:00,1978,25.0,35,14.657142857142857,127.17714285714285,True,1978-11-19 21:00:00,13.4,123.7,18.0,TS,TD,TD
1979098N02144,1979-04-08 00:00:00,1979-04-21 00:00:00,1979,80.0,105,10.686666666666666,132.1647619047619,True,1979-04-15 15:00:00,11.1,124.9,78.0,TS,TY,TY
1979126N04148,1979-05-06 00:00:00,1979-05-17 00:00:00,1979,40.0,89,10.331460674157304,129.4179775280899,True,1979-05-11 00:00:00,9.3,125.9,30.0,TS,TS,TD
1979254N10140,1979-09-13 00:00:00,1979-09-24 00:00:00,1979,70.0,89,15.704494382022473,123.93483146067416,True,1979-09-17 18:00:00,13.8,124.3,55.0,TS,TY,TS
1979271N13113,1979-09-30 12:00:00,1979-10-15 00:00:00,1979,110.0,117,13.038461538461538,117.22649572649573,True,1979-10-01 18:00:00,14.7,120.3,15.0,TS,TY,TD
1979300N04166,1979-11-02 00:00:00,1979-11-07 12:00:00,1979,140.0,45,12.386666666666667,130.2422222222222,True,1979-11-06 09:00:00,16.6,122.2,85.0,TS,STY,TY
1979311N10142,1979-11-07 00:00:00,1979-11-13 18:00:00,1979,50.0,55,16.48909090909091,129.85454545454544,True,1979-11-13 18:00:00,15.2,121.4,20.0,TS,TS,TD
1979350N07153,1979-12-17 00:00:00,1979-12-23 12:00:00,1979,60.0,53,11.09622641509434,132.72264150943397,True,1979-12-21 09:00:00,11.6,125.1,45.0,TS,TS,TS
1980076N06148,1980-03-18 00:00:00,1980-03-25 00:00:00,1980,30.0,57,10.22982456140351,131.48070175438596,True,1980-03-23 15:00:00,12.1,125.3,30.0,TS,TD,TD
1980137N04158,1980-05-19 00:00:00,1980-05-26 06:00:00,1980,55.0,59,11.457627118644067,135.62372881355932,True,1980-05-25 03:00:00,15.5,121.4,38.0,TS,TS,TS
1980171N06142,1980-06-19 00:00:00,1980-06-29 00:00:00,1980,50.0,81,13.356790123456792,122.02345679012345,True,1980-06-23 06:00:00,11.3,125.0,25.0,TS,TS,TD
1980197N07154,1980-07-16 00:00:00,1980-07-23 00:00:00,1980,105.0,57,15.436842105263157,129.26315789473685,True,1980-07-20 18:00:00,17.0,122.2,70.0,TS,TY,TY
1980197N15133,1980-07-15 18:00:00,1980-07-19 06:00:00,1980,30.0,29,17.59655172413793,116.7655172413793,True,1980-07-16 09:00:00,14.5,121.4,23.0,TS,TD,TD
1980201N08155,1980-07-19 00:00:00,1980-07-27 18:00:00,1980,130.0,71,14.167605633802816,131.5718309859155,True,1980-07-25 00:00:00,16.8,122.4,100.0,TS,STY,TY
1980296N05165,1980-10-28 12:00:00,1980-11-07 18:00:00,1980,125.0,83,15.304819277108432,133.46385542168676,True,1980-11-04 18:00:00,16.0,121.6,105.0,TS,TY,TY
1980300N08137,1980-10-28 18:00:00,1980-11-02 00:00:00,1980,35.0,35,14.802857142857144,115.48,True,1980-10-28 18:00:00,13.0,124.0,25.0,TS,TS,TD
1981176N08150,1981-06-28 18:00:00,1981-07-05 00:00:00,1981,75.0,51,15.429411764705883,118.03333333333333,True,1981-06-30 12:00:00,13.8,123.8,35.0,TS,TY,TS
1981178N05160,1981-07-01 00:00:00,1981-07-07 12:00:00,1981,55.0,53,15.543396226415094,122.73396226415093,True,1981-07-04 03:00:00,15.0,122.0,45.0,TS,TS,TS
1981256N10150,1981-09-13 18:00:00,1981-09-22 12:00:00,1981,120.0,71,15.681690140845072,128.74788732394367,True,1981-09-20 06:00:00,19.1,121.2,110.0,TS,TY,TY
1981283N07132,1981-10-10 00:00:00,1981-10-14 12:00:00,1981,45.0,37,10.486486486486486,121.60270270270271,True,1981-10-12 00:00:00,11.0,124.0,20.0,MX,TS,TD
1981317N14153,1981-11-12 12:00:00,1981-11-23 06:00:00,1981,100.0,87,15.209195402298851,130.91034482758621,True,1981-11-19 15:00:00,13.4,123.4,58.0,TS,TY,TS
1981319N07163,1981-11-17 18:00:00,1981-11-27 00:00:00,1981,135.0,75,15.261333333333333,134.25199999999998,True,1981-11-24 09:00:00,15.7,121.2,75.0,TS,STY,TY
1981355N07149,1981-12-22 18:00:00,1981-12-28 12:00:00,1981,95.0,47,13.151063829787235,124.4,True,1981-12-25 15:00:00,12.7,124.1,78.0,TS,TY,TY
1982073N07153,1982-03-14 06:00:00,1982-03-25 00:00:00,1982,60.0,87,9.257471264367815,128.1103448275862,True,1982-03-19 12:00:00,8.3,126.3,55.0,TS,TS,TS
1982077N04161,1982-03-18 06:00:00,1982-04-01 06:00:00,1982,105.0,113,10.252212389380531,129.69646017699117,True,1982-03-25 21:00:00,10.4,125.1,98.0,TS,TY,TY
1982190N09148,1982-07-12 12:00:00,1982-07-17 12:00:00,1982,55.0,41,16.173170731707316,121.58780487804879,True,1982-07-15 06:00:00,15.8,121.3,45.0,TS,TS,TS
1982227N09140,1982-08-20 00:00:00,1982-09-03 06:00:00,1982,90.0,115,19.03739130434783,124.68173913043478,True,1982-08-20 00:00:00,11.4,124.4,20.0,MX,TY,TD
1982248N14133,1982-09-04 18:00:00,1982-09-16 00:00:00,1982,90.0,91,15.883516483516484,119.31978021978023,True,1982-09-08 15:00:00,13.2,123.5,53.0,TS,TY,TS
1982283N17148,1982-10-10 06:00:00,1982-10-18 06:00:00,1982,115.0,65,16.99846153846154,124.19846153846153,True,1982-10-14 15:00:00,17.5,121.6,93.0,TS,TY,TY
1982325N08176,1982-11-21 18:00:00,1982-12-09 00:00:00,1982,100.0,139,11.452517985611511,149.7093525179856,True,1982-12-07 09:00:00,12.4,123.5,58.0,TS,TY,TS
1982339N07139,1982-12-07 06:00:00,1982-12-10 18:00:00,1982,65.0,29,15.124137931034484,124.03793103448275,True,1982-12-08 12:00:00,13.8,123.5,55.0,TS,TY,TS
1983167N05145,1983-06-19 00:00:00,1983-06-26 06:00:00,1983,35.0,59,11.477966101694916,120.79830508474576,True,1983-06-21 15:00:00,9.6,125.6,25.0,TS,TS,TD
1983186N04153,1983-07-09 06:00:00,1983-07-18 06:00:00,1983,90.0,73,13.463013698630137,125.93287671232878,True,1983-07-14 12:00:00,13.4,123.4,80.0,TS,TY,TY
1983188N06136,1983-07-09 12:00:00,1983-07-13 18:00:00,1983,65.0,35,16.208571428571428,116.40857142857143,True,1983-07-09 18:00:00,12.5,125.2,25.0,TS,TY,TD
1983279N04140,1983-10-08 06:00:00,1983-10-14 00:00:00,1983,65.0,47,15.785106382978723,121.26170212765958,True,1983-10-11 00:00:00,15.9,121.3,30.0,TS,TY,TD
1983321N11111,1983-11-17 00:00:00,1983-11-24 18:00:00,1983,70.0,63,8.731746031746033,113.43174603174603,True,1983-11-24 03:00:00,10.4,119.2,25.0,TS,TY,TD
1984184N06139,1984-07-04 18:00:00,1984-07-09 18:00:00,1984,55.0,41,17.951219512195124,117.49268292682926,True,1984-07-06 00:00:00,15.7,121.4,20.0,TS,TS,TD
1984238N18137,1984-08-28 00:00:00,1984-08-31 00:00:00,1984,60.0,25,19.864,119.844,True,1984-08-28 18:00:00,18.3,122.1,45.0,TS,TS,TS
1984239N08146,1984-08-26 00:00:00,1984-09-06 12:00:00,1984,125.0,93,12.978494623655914,129.05376344086022,True,1984-09-01 18:00:00,9.7,125.5,115.0,TS,TY,TY
1984302N00149,1984-10-30 12:00:00,1984-11-08 12:00:00,1984,120.0,73,9.7986301369863,128.10684931506847,True,1984-11-04 21:00:00,11.3,124.9,110.0,TS,TY,TY
1985240N08148,1985-08-31 18:00:00,1985-09-06 06:00:00,1985,75.0,45,17.464444444444442,120.92222222222222,True,1985-09-03 06:00:00,16.5,122.2,70.0,TS,TY,TY
1985284N05159,1985-10-11 18:00:00,1985-10-21 18:00:00,1985,150.0,81,13.912345679012347,130.03827160493827,True,1985-10-18 18:00:00,15.5,120.9,85.0,TS,STY,TY
1985294N10122,1985-10-23 00:00:00,1985-11-01 06:00:00,1985,100.0,75,20.150666666666666,124.46,True,1985-10-24 06:00:00,15.9,121.4,35.0,TS,TY,TS
1986179N11175,1986-07-03 00:00:00,1986-07-11 12:00:00,1986,140.0,69,17.1,130.99420289855072,True,1986-07-09 00:00:00,17.9,122.0,90.0,TS,STY,TY
1986276N07177,1986-10-11 00:00:00,1986-10-19 00:00:00,1986,80.0,65,17.318461538461538,117.41230769230769,True,1986-10-11 06:00:00,11.2,125.3,45.0,TS,TY,TS
1986287N09141,1986-10-18 06:00:00,1986-10-23 00:00:00,1986,55.0,39,14.051282051282051,115.37692307692308,True,1986-10-18 18:00:00,12.3,125.2,55.0,TS,TS,TS
1986302N05178,1986-11-07 18:00:00,1986-11-11 18:00:00,1986,60.0,33,13.748484848484848,114.86969696969696,True,1986-11-07 18:00:00,12.8,120.9,30.0,TS,TS,TD
1986309N07162,1986-11-10 18:00:00,1986-11-16 06:00:00,1986,55.0,45,13.035555555555556,121.83777777777777,True,1986-11-12 18:00:00,10.7,125.1,40.0,TS,TS,TS
1986343N05176,1986-12-14 06:00:00,1986-12-23 12:00:00,1986,95.0,75,9.976,138.35066666666665,True,1986-12-21 21:00:00,10.1,123.1,55.0,TS,TY,TS
1986353N03178,1986-12-21 18:00:00,1987-01-01 06:00:00,1986,90.0,85,11.171764705882353,144.67176470588237,True,1986-12-31 12:00:00,10.4,124.8,40.0,TS,TY,TS
1987219N08134,1987-08-07 00:00:00,1987-08-17 06:00:00,1987,140.0,83,13.280722891566265,121.87831325301204,True,1987-08-12 03:00:00,12.5,124.9,130.0,TS,STY,STY
1987219N08155,1987-08-07 00:00:00,1987-08-24 12:00:00,1987,85.0,141,14.195744680851064,126.76737588652483,True,1987-08-18 00:00:00,16.0,121.6,70.0,TS,TY,TY
1987288N13168,1987-10-14 18:00:00,1987-10-28 06:00:00,1987,140.0,109,17.455045871559633,134.94128440366973,True,1987-10-23 15:00:00,18.9,121.9,90.0,TS,STY,TY
1987311N10148,1987-11-07 00:00:00,1987-11-19 12:00:00,1987,45.0,101,13.02871287128713,128.04257425742574,True,1987-11-14 15:00:00,13.0,124.1,25.0,TS,TS,TD
1987320N03171,1987-11-16 00:00:00,1987-11-30 06:00:00,1987,145.0,115,10.862608695652174,138.3678260869565,True,1987-11-25 15:00:00,13.2,123.6,138.0,TS,STY,STY
1987325N13126,1987-11-20 18:00:00,1987-11-25 12:00:00,1987,45.0,39,12.297435897435898,115.56666666666668,True,1987-11-21 03:00:00,12.9,124.1,23.0,TS,TS,TD
1987343N05154,1987-12-09 00:00:00,1987-12-20 06:00:00,1987,100.0,91,10.95934065934066,132.15274725274725,True,1987-12-15 21:00:00,11.7,125.5,95.0,TS,TY,TY
1988005N03174,1988-01-05 06:00:00,1988-01-18 00:00:00,1988,115.0,103,10.509708737864077,149.54757281553398,True,1988-01-16 18:00:00,13.7,121.1,40.0,TS,TY,TS
1988177N07137,1988-06-24 12:00:00,1988-06-29 00:00:00,1988,45.0,37,9.897297297297296,127.22702702702702,True,1988-06-27 09:00:00,10.5,125.1,40.0,TS,TS,TS
1988263N15126,1988-09-18 18:00:00,1988-09-22 00:00:00,1988,60.0,27,19.11851851851852,120.26296296296296,True,1988-09-19 18:00:00,17.9,121.8,35.0,TS,TS,TS
1988290N08145,1988-10-16 06:00:00,1988-10-22 18:00:00,1988,75.0,53,14.249056603773585,127.42830188679245,True,1988-10-20 15:00:00,16.5,121.7,73.0,TS,TY,TY
1988295N10138,1988-10-20 12:00:00,1988-10-28 18:00:00,1988,125.0,67,14.08955223880597,123.44626865671641,True,1988-10-24 06:00:00,13.8,124.3,110.0,TS,TY,TY
1988306N15130,1988-11-01 06:00:00,1988-11-03 06:00:00,1988,25.0,17,11.48235294117647,123.68823529411763,True,1988-11-02 06:00:00,10.9,122.7,25.0,TS,TD,TD
1988307N09131,1988-11-03 12:00:00,1988-11-06 18:00:00,1988,65.0,27,10.011111111111111,114.82962962962964,True,1988-11-04 09:00:00,9.2,118.2,35.0,TS,TY,TS
1988308N09140,1988-11-03 00:00:00,1988-11-12 00:00:00,1988,125.0,73,12.054794520547945,124.13561643835617,True,1988-11-07 03:00:00,11.2,125.3,113.0,TS,TY,TY
1989134N07138,1989-05-14 00:00:00,1989-05-21 00:00:00,1989,75.0,57,14.008771929824562,123.01578947368421,True,1989-05-16 18:00:00,11.8,125.4,45.0,TS,TY,TS
1989153N04144,1989-06-02 06:00:00,1989-06-11 12:00:00,1989,100.0,75,12.838666666666667,123.04933333333334,True,1989-06-06 03:00:00,11.6,125.0,40.0,TS,TY,TS
1989187N15132,1989-07-05 12:00:00,1989-07-11 12:00:00,1989,60.0,49,17.47142857142857,120.84693877551021,True,1989-07-08 12:00:00,16.9,122.3,60.0,TS,TS,TS
1989190N20160,1989-07-09 00:00:00,1989-07-19 00:00:00,1989,140.0,81,18.737037037037037,132.61111111111111,True,1989-07-15 21:00:00,18.1,121.9,130.0,TS,STY,STY
1989199N05139,1989-07-18 00:00:00,1989-07-24 12:00:00,1989,55.0,53,14.30188679245283,118.52641509433961,True,1989-07-20 09:00:00,14.1,121.7,25.0,TS,TS,TD
1989279N07151,1989-10-06 00:00:00,1989-10-13 18:00:00,1989,70.0,63,12.60952380952381,128.44444444444446,True,1989-10-10 15:00:00,13.3,123.4,65.0,TS,TY,TY
1989286N14137,1989-10-13 00:00:00,1989-10-22 12:00:00,1989,140.0,77,16.72077922077922,123.912987012987,True,1989-10-19 03:00:00,16.6,122.2,110.0,TS,STY,TY
1989314N10152,1989-11-10 00:00:00,1989-11-24 00:00:00,1989,90.0,113,12.823008849557523,133.94247787610618,True,1989-11-21 21:00:00,15.6,121.5,83.0,TS,TY,TY
1990129N05138,1990-05-09 00:00:00,1990-05-20 06:00:00,1990,90.0,91,11.497802197802198,124.0,True,1990-05-13 09:00:00,6.0,125.3,20.0,NR,TY,TD
1990163N08133,1990-06-12 00:00:00,1990-06-19 00:00:00,1990,55.0,57,15.603508771929825,118.59122807017543,True,1990-06-14 09:00:00,13.8,123.8,25.0,TS,TS,TD
1990171N11148,1990-06-20 00:00:00,1990-07-01 00:00:00,1990,115.0,89,15.413483146067415,130.7516853932584,True,1990-06-27 06:00:00,17.9,121.8,85.0,TS,TY,TY
1990232N13141,1990-08-20 06:00:00,1990-08-30 06:00:00,1990,70.0,81,17.266666666666666,123.70493827160495,True,1990-08-26 09:00:00,18.2,121.5,63.0,TS,TY,TS
1990283N15129,1990-10-09 12:00:00,1990-10-15 06:00:00,1990,35.0,47,13.661702127659575,115.80212765957447,True,1990-10-10 18:00:00,14.3,122.7,15.0,NR,TS,TD
1990310N07152,1990-11-06 00:00:00,1990-11-18 12:00:00,1990,150.0,101,11.645544554455446,126.7940594059406,True,1990-11-12 18:00:00,10.4,124.9,120.0,TS,STY,TY
1990319N07197,1990-11-14 12:00:00,1990-12-05 00:00:00,1990,140.0,165,9.405454545454546,93.19878787878787,True,1990-12-04 12:00:00,7.7,126.0,20.0,NR,STY,TD
1991062N04156,1991-03-03 06:00:00,1991-03-15 18:00:00,1991,60.0,101,7.361386138613861,137.21485148514853,True,1991-03-13 06:00:00,10.5,124.9,30.0,TS,TS,TD
1991111N04145,1991-04-20 12:00:00,1991-04-28 18:00:00,1991,45.0,67,9.813432835820896,125.18656716417911,True,1991-04-24 09:00:00,9.0,125.7,30.0,TS,TS,TD
1991163N11128,1991-06-11 18:00:00,1991-06-17 00:00:00,1991,105.0,43,15.47906976744186,123.25813953488372,True,1991-06-15 03:00:00,15.4,121.3,55.0,TS,TY,TS
1991187N06139,1991-07-06 00:00:00,1991-07-14 12:00:00,1991,80.0,69,13.58695652173913,121.35217391304347,True,1991-07-09 12:00:00,12.0,125.1,25.0,TS,TY,TD
1991196N06153,1991-07-15 00:00:00,1991-07-25 06:00:00,1991,70.0,83,13.672289156626505,130.1987951807229,True,1991-07-22 06:00:00,17.5,122.1,70.0,TS,TY,TY
1991220N10133,1991-08-08 00:00:00,1991-08-18 00:00:00,1991,95.0,81,16.67037037037037,119.3,True,1991-08-12 09:00:00,18.3,122.1,25.0,TS,TY,TD
1991244N19126,1991-09-01 00:00:00,1991-09-07 12:00:00,1991,55.0,53,20.28679245283019,117.73396226415093,True,1991-09-01 18:00:00,18.1,122.0,15.0,NR,TS,TD
1991289N06156,1991-10-16 00:00:00,1991-10-31 06:00:00,1991,145.0,123,13.892682926829268,135.72926829268295,True,1991-10-27 12:00:00,18.0,122.1,100.0,TS,STY,TY
1991304N08140,1991-11-01 06:00:00,1991-11-08 12:00:00,1991,45.0,59,11.857627118644068,123.39491525423729,True,1991-11-04 21:00:00,11.6,125.4,43.0,TS,TS,TS
1991317N09141,1991-11-12 18:00:00,1991-11-20 00:00:00,1991,45.0,59,13.072881355932203,125.17966101694915,True,1991-11-16 12:00:00,13.7,123.1,45.0,TS,TS,TS
1992174N13126,1992-06-21 18:00:00,1992-07-01 00:00:00,1992,80.0,75,16.502666666666666,113.79066666666665,True,1992-06-22 09:00:00,13.0,124.0,15.0,NR,TY,TD
1992188N07156,1992-07-05 18:00:00,1992-07-14 00:00:00,1992,75.0,67,13.995522388059703,130.57014925373136,True,1992-07-11 03:00:00,15.9,121.4,70.0,TS,TY,TY
1992194N07140,1992-07-11 12:00:00,1992-07-18 12:00:00,1992,55.0,57,15.72456140350877,123.83859649122807,True,1992-07-15 06:00:00,17.5,121.7,20.0,TS,TS,TD
1992198N13135,1992-07-16 00:00:00,1992-07-24 00:00:00,1992,65.0,65,16.886153846153846,120.9676923076923,True,1992-07-20 00:00:00,16.6,122.2,25.0,TS,TY,TD
1992289N08135,1992-10-15 00:00:00,1992-10-29 18:00:00,1992,80.0,119,13.16218487394958,125.50336134453781,True,1992-10-26 00:00:00,14.8,121.0,55.0,TS,TY,TS
1992314N08141,1992-11-08 12:00:00,1992-11-22 00:00:00,1992,125.0,109,11.671559633027524,105.65871559633027,True,1992-11-10 21:00:00,9.4,125.8,25.0,NR,TY,TD
1993059N05136,1993-02-27 18:00:00,1993-03-02 00:00:00,1993,25.0,19,7.226315789473685,128.7526315789474,True,1993-03-01 06:00:00,8.3,125.8,25.0,NR,TD,TD
1993096N08148,1993-04-06 00:00:00,1993-04-14 12:00:00,1993,25.0,69,7.1637681159420294,136.11449275362318,True,1993-04-13 09:00:00,6.4,126.2,23.0,NR,TD,TD
1993105N06165,1993-04-15 06:00:00,1993-04-28 18:00:00,1993,30.0,109,7.201834862385321,145.8,True,1993-04-28 06:00:00,6.5,125.2,20.0,NR,TD,TD
1993164N04160,1993-06-13 06:00:00,1993-06-28 18:00:00,1993,130.0,125,10.718399999999999,140.092,True,1993-06-25 21:00:00,17.1,121.8,108.0,TS,STY,TY
1993166N06131,1993-06-15 06:00:00,1993-06-20 06:00:00,1993,30.0,41,10.492682926829268,127.51951219512196,True,1993-06-19 09:00:00,13.7,123.2,25.0,TS,TD,TD
1993185N09137,1993-07-04 06:00:00,1993-07-13 00:00:00,1993,85.0,71,13.704225352112676,120.16338028169015,True,1993-07-08 00:00:00,12.1,125.2,35.0,TS,TY,TS
1993231N09134,1993-08-19 06:00:00,1993-08-29 12:00:00,1993,45.0,83,13.985542168674698,119.37228915662651,True,1993-08-22 00:00:00,11.3,124.8,25.0,NR,TS,TD
1993250N17119,1993-09-07 06:00:00,1993-09-15 00:00:00,1993,110.0,63,20.488888888888887,120.10793650793651,True,1993-09-08 12:00:00,17.9,120.7,20.0,NR,TY,TD
1993253N06150,1993-09-09 18:00:00,1993-09-18 18:00:00,1993,65.0,73,15.156164383561645,127.13287671232878,True,1993-09-15 18:00:00,18.9,121.4,45.0,TS,TY,TS
1993261N11131,1993-09-18 06:00:00,1993-09-27 18:00:00,1993,80.0,77,18.555844155844156,116.4038961038961,True,1993-09-20 03:00:00,16.9,121.8,18.0,TS,TY,TD
1993271N14134,1993-09-28 00:00:00,1993-10-09 06:00:00,1993,70.0,91,19.264835164835162,129.0263736263736,True,1993-10-04 06:00:00,16.5,122.0,65.0,TS,TY,TY
1993279N12114,1993-10-06 00:00:00,1993-10-13 12:00:00,1993,25.0,61,17.18032786885246,120.80819672131148,True,1993-10-07 12:00:00,14.9,120.7,25.0,NR,TD,TD
1993298N11154,1993-10-25 00:00:00,1993-11-05 00:00:00,1993,120.0,89,15.233707865168538,130.6247191011236,True,1993-11-01 09:00:00,16.1,121.6,95.0,TS,TY,TY
1993317N08149,1993-11-13 06:00:00,1993-11-19 00:00:00,1993,25.0,47,6.699999999999999,138.55744680851063,True,1993-11-18 18:00:00,8.9,126.2,25.0,NR,TD,TD
1993322N09137,1993-11-17 12:00:00,1993-11-24 12:00:00,1993,95.0,57,11.396491228070175,121.33157894736841,True,1993-11-20 09:00:00,10.9,124.8,35.0,TS,TY,TS
1993331N05172,1993-11-27 06:00:00,1993-12-09 12:00:00,1993,105.0,99,10.11111111111111,136.7020202020202,True,1993-12-05 15:00:00,14.1,122.7,78.0,TS,TY,TY
1993336N05164,1993-12-01 12:00:00,1993-12-16 06:00:00,1993,120.0,119,10.463865546218488,128.58067226890756,True,1993-12-10 12:00:00,12.4,122.1,80.0,TS,TY,TY
1993353N05159,1993-12-18 18:00:00,1993-12-30 06:00:00,1993,70.0,93,8.381720430107526,134.78924731182795,True,1993-12-26 06:00:00,9.7,125.6,65.0,TS,TY,TY
1994001N05156,1994-01-01 06:00:00,1994-01-06 12:00:00,1994,25.0,43,9.002325581395349,136.97674418604652,True,1994-01-05 15:00:00,12.0,125.3,23.0,NR,TD,TD
1994088N09148,1994-03-28 18:00:00,1994-04-09 06:00:00,1994,75.0,93,11.994623655913978,127.45376344086023,True,1994-04-04 09:00:00,10.4,123.9,65.0,TS,TY,TY
1994134N05161,1994-05-14 00:00:00,1994-05-27 00:00:00,1994,30.0,105,9.393333333333333,137.4952380952381,True,1994-05-24 21:00:00,12.5,121.1,28.0,NR,TD,TD
1994169N06152,1994-06-18 00:00:00,1994-06-25 18:00:00,1994,45.0,63,13.222222222222221,129.12857142857143,True,1994-06-22 18:00:00,14.2,122.6,20.0,TS,TS,TD
1994197N14115,1994-07-16 06:00:00,1994-07-21 18:00:00,1994,45.0,45,17.84888888888889,122.04,True,1994-07-19 00:00:00,18.1,120.6,45.0,TS,TS,TS
1994232N10144,1994-08-20 00:00:00,1994-08-29 12:00:00,1994,60.0,77,16.801298701298702,122.57922077922079,True,1994-08-24 12:00:00,16.7,122.0,20.0,TS,TS,TD
1994287N14156,1994-10-14 00:00:00,1994-10-27 00:00:00,1994,80.0,105,13.595238095238095,126.93809523809524,True,1994-10-21 03:00:00,14.6,121.6,70.0,TS,TY,TY
1994345N06165,1994-12-10 18:00:00,1994-12-26 12:00:00,1994,115.0,127,10.596850393700787,136.11023622047244,True,1994-12-21 15:00:00,11.0,124.9,80.0,TS,TY,TY
1995148N07150,1995-05-28 00:00:00,1995-06-09 18:00:00,1995,50.0,103,15.532038834951456,127.2621359223301,True,1995-06-01 21:00:00,11.8,125.4,28.0,TS,TS,TD
1995206N15133,1995-07-25 06:00:00,1995-07-31 18:00:00,1995,65.0,53,18.747169811320756,121.35094339622643,True,1995-07-27 06:00:00,16.8,121.6,25.0,TS,TY,TD
1995209N17122,1995-07-27 18:00:00,1995-07-29 06:00:00,1995,35.0,13,18.023076923076925,122.37692307692308,True,1995-07-27 18:00:00,17.0,122.1,30.0,NR,TS,TD
1995225N12124,1995-08-13 06:00:00,1995-08-21 00:00:00,1995,60.0,63,16.522222222222222,114.36031746031746,True,1995-08-13 18:00:00,12.4,122.5,15.0,NR,TS,TD
1995244N08139,1995-09-01 00:00:00,1995-09-08 00:00:00,1995,45.0,57,16.04035087719298,120.66315789473684,True,1995-09-04 00:00:00,16.8,121.8,35.0,TS,TS,TS
1995247N05144,1995-09-03 12:00:00,1995-09-11 18:00:00,1995,30.0,67,9.929850746268656,123.64477611940299,True,1995-09-07 06:00:00,9.0,125.8,15.0,NR,TD,TD
1995252N08142,1995-09-09 00:00:00,1995-09-24 00:00:00,1995,90.0,121,22.527272727272727,130.54876033057852,True,1995-09-11 21:00:00,13.7,124.2,20.0,NR,TY,TD
1995262N04161,1995-09-19 00:00:00,1995-09-29 00:00:00,1995,25.0,81,7.607407407407408,132.84938271604938,True,1995-09-25 12:00:00,9.8,124.0,25.0,NR,TD,TD
1995264N06174,1995-09-21 06:00:00,1995-10-04 12:00:00,1995,95.0,107,11.378504672897197,135.43831775700934,True,1995-09-29 12:00:00,11.9,125.1,65.0,TS,TY,TY
1995276N13124,1995-10-03 06:00:00,1995-10-07 12:00:00,1995,25.0,35,14.134285714285713,114.48,True,1995-10-03 06:00:00,12.9,123.6,15.0,NR,TD,TD
1995277N07141,1995-10-03 12:00:00,1995-10-14 12:00:00,1995,75.0,89,14.66067415730337,119.32359550561797,True,1995-10-07 15:00:00,13.7,123.0,20.0,TS,TY,TD
1995292N08150,1995-10-18 12:00:00,1995-10-27 18:00:00,1995,65.0,75,11.42,125.92266666666667,True,1995-10-23 15:00:00,13.1,123.6,33.0,TS,TY,TD
1995293N05177,1995-10-20 06:00:00,1995-11-07 12:00:00,1995,155.0,147,12.140816326530613,137.47414965986394,True,1995-11-02 21:00:00,14.2,122.6,140.0,TS,STY,STY
1995294N05163,1995-10-21 00:00:00,1995-11-02 06:00:00,1995,120.0,99,9.835353535353535,130.1949494949495,True,1995-10-28 03:00:00,10.6,124.9,75.0,TS,TY,TY
1995334N09129,1995-11-30 00:00:00,1995-12-05 12:00:00,1995,30.0,45,11.74888888888889,125.84666666666668,True,1995-12-04 12:00:00,13.1,123.6,25.0,TS,TD,TD
1996058N06137,1996-02-28 12:00:00,1996-03-02 00:00:00,1996,30.0,21,10.142857142857142,124.26190476190476,True,1996-02-29 15:00:00,10.5,125.0,30.0,TS,TD,TD
1996090N04150,1996-03-29 18:00:00,1996-04-11 18:00:00,1996,40.0,105,9.762857142857142,133.95333333333335,True,1996-04-09 09:00:00,11.9,122.0,25.0,MX,TS,TD
1996227N08156,1996-08-13 12:00:00,1996-08-23 12:00:00,1996,95.0,81,14.35061728395062,127.60246913580247,True,1996-08-19 18:00:00,17.6,121.6,60.0,TS,TY,TS
1996282N11162,1996-10-07 12:00:00,1996-10-22 18:00:00,1996,90.0,123,15.482926829268294,131.46666666666667,True,1996-10-17 18:00:00,17.7,122.0,90.0,TS,TY,TY
1996283N12133,1996-10-09 06:00:00,1996-10-17 12:00:00,1996,50.0,67,15.98955223880597,118.37761194029851,True,1996-10-11 21:00:00,15.9,121.2,25.0,TS,TS,TD
1996299N11121,1996-10-24 12:00:00,1996-10-31 18:00:00,1996,30.0,59,8.988135593220338,107.41016949152542,True,1996-10-25 03:00:00,9.1,118.1,15.0,NR,TD,TD
1996303N07155,1996-10-29 00:00:00,1996-11-09 18:00:00,1996,50.0,95,8.704210526315789,134.98736842105262,True,1996-11-05 21:00:00,9.3,126.2,33.0,TS,TS,TD
1996305N11121,1996-10-31 06:00:00,1996-11-04 06:00:00,1996,40.0,33,13.336363636363638,111.72121212121213,True,1996-10-31 18:00:00,10.9,119.4,20.0,NR,TS,TD
1996312N14125,1996-11-06 12:00:00,1996-11-18 06:00:00,1996,45.0,95,15.28842105263158,115.37263157894736,True,1996-11-08 06:00:00,17.8,121.5,30.0,TS,TS,TD
1996328N08151,1996-11-23 00:00:00,1996-12-02 00:00:00,1996,25.0,73,13.857534246575343,137.0191780821918,True,1996-12-01 18:00:00,9.2,125.7,15.0,NR,TD,TD
1997143N17111,1997-05-23 00:00:00,1997-06-04 00:00:00,1997,45.0,97,25.16082474226804,111.7,True,1997-05-26 06:00:00,16.3,120.8,25.0,TS,TS,TD
1997283N07177,1997-10-09 12:00:00,1997-10-26 00:00:00,1997,160.0,133,16.307518796992483,140.2609022556391,True,1997-10-19 21:00:00,18.2,122.2,115.0,TS,STY,TY
1997298N06140,1997-10-25 00:00:00,1997-11-09 12:00:00,1997,65.0,125,11.396799999999999,110.948,True,1997-10-29 15:00:00,10.2,125.0,15.0,NR,TY,TD
1997311N10151,1997-11-07 00:00:00,1997-11-16 18:00:00,1997,65.0,79,12.61012658227848,135.54303797468353,True,1997-11-16 12:00:00,15.8,121.4,20.0,TS,TY,TD
1998217N10130,1998-08-05 06:00:00,1998-08-12 00:00:00,1998,60.0,55,17.64,119.30545454545455,True,1998-08-08 00:00:00,17.1,122.1,35.0,TS,TS,TS
1998259N17118,1998-09-16 00:00:00,1998-09-23 00:00:00,1998,90.0,58,22.56896551724138,125.92931034482758,True,1998-09-18 18:00:00,16.1,120.0,85.0,TS,TY,TY
1998281N11151,1998-10-07 18:00:00,1998-10-18 12:00:00,1998,155.0,89,18.69438202247191,132.99662921348315,True,1998-10-14 03:00:00,17.2,122.2,138.0,TS,STY,STY
1998285N12149,1998-10-11 18:00:00,1998-10-27 18:00:00,1998,135.0,129,14.552713178294573,128.16511627906976,True,1998-10-21 12:00:00,13.7,124.3,130.0,TS,STY,STY
1998342N06141,1998-12-07 18:00:00,1998-12-14 18:00:00,1998,90.0,57,10.731578947368423,121.99824561403508,True,1998-12-10 12:00:00,11.8,125.3,65.0,TS,TY,TY
1998351N11125,1998-12-17 00:00:00,1998-12-19 00:00:00,1998,25.0,17,14.505882352941176,121.8941176470588,True,1998-12-17 00:00:00,10.9,125.0,20.0,NR,TD,TD
1999096N10136,1999-04-05 18:00:00,1999-04-10 00:00:00,1999,35.0,35,12.345714285714287,130.34,True,1999-04-09 21:00:00,13.7,123.5,23.0,NR,TS,TD
1999111N08126,1999-04-21 00:00:00,1999-04-29 06:00:00,1999,75.0,67,18.494029850746266,134.15970149253732,True,1999-04-21 00:00:00,7.6,126.1,20.0,NR,TY,TD
1999230N12129,1999-08-17 18:00:00,1999-08-23 06:00:00,1999,75.0,45,18.34,120.59333333333333,True,1999-08-20 03:00:00,18.3,121.5,53.0,TS,TY,TS
1999253N17124,1999-09-10 00:00:00,1999-09-17 12:00:00,1999,70.0,61,19.6327868852459,118.00819672131148,True,1999-09-11 12:00:00,17.3,122.4,20.0,TS,TY,TD
1999275N16135,1999-10-01 12:00:00,1999-10-11 00:00:00,1999,110.0,77,20.845454545454544,122.93246753246753,True,1999-10-05 06:00:00,18.4,121.3,100.0,TS,TY,TY
1999288N12129,1999-10-14 18:00:00,1999-10-19 18:00:00,1999,35.0,41,14.909756097560974,118.56585365853658,True,1999-10-15 15:00:00,12.2,125.5,25.0,TS,TS,TD
1999310N09138,1999-11-05 18:00:00,1999-11-10 06:00:00,1999,35.0,37,11.597297297297297,127.67027027027028,True,1999-11-08 03:00:00,11.9,125.2,33.0,TS,TS,TD
2000138N16119,2000-05-17 18:00:00,2000-05-20 06:00:00,2000,40.0,21,21.385714285714286,126.87142857142858,True,2000-05-17 18:00:00,16.0,120.2,15.0,TS,TS,TD
2000196N16122,2000-07-13 18:00:00,2000-07-15 00:00:00,2000,25.0,11,16.10909090909091,120.39090909090909,True,2000-07-14 06:00:00,15.6,121.2,25.0,TS,TD,TD
2000248N18126,2000-09-05 18:00:00,2000-09-12 00:00:00,2000,55.0,51,22.294117647058822,127.80196078431372,True,2000-09-11 06:00:00,18.0,122.0,40.0,TS,TS,TS
2000299N08139,2000-10-25 06:00:00,2000-11-01 18:00:00,2000,90.0,61,16.14918032786885,123.96393442622951,True,2000-10-27 21:00:00,13.7,123.0,70.0,TS,TY,TY
2000305N06136,2000-10-30 12:00:00,2000-11-08 00:00:00,2000,85.0,69,15.373913043478261,121.45072463768116,True,2000-11-02 03:00:00,13.9,124.2,68.0,TS,TY,TY
2000332N08133,2000-11-27 00:00:00,2000-12-08 00:00:00,2000,55.0,89,10.11685393258427,119.34831460674157,True,2000-11-30 03:00:00,11.3,124.8,55.0,TS,TS,TS
2001047N09134,2001-02-16 06:00:00,2001-02-22 00:00:00,2001,25.0,47,11.434042553191489,124.01702127659574,True,2001-02-18 06:00:00,10.9,124.8,25.0,TS,TD,TD
2001125N05129,2001-05-05 00:00:00,2001-05-14 12:00:00,2001,60.0,77,14.711688311688311,123.35844155844157,True,2001-05-08 00:00:00,11.3,124.9,25.0,TS,TS,TD
2001181N08141,2001-06-30 00:00:00,2001-07-07 00:00:00,2001,80.0,57,15.542105263157895,127.06140350877193,True,2001-07-04 09:00:00,19.1,121.2,80.0,TS,TY,TY
2001309N10130,2001-11-05 06:00:00,2001-11-12 12:00:00,2001,115.0,59,12.135593220338983,118.87118644067796,True,2001-11-06 18:00:00,10.5,125.1,30.0,TS,TY,TD
2001338N10130,2001-12-04 06:00:00,2001-12-09 06:00:00,2001,35.0,41,11.804878048780488,119.22682926829269,True,2001-12-05 06:00:00,10.7,125.0,30.0,TS,TS,TD
2002008N07141,2002-01-08 06:00:00,2002-01-14 00:00:00,2002,50.0,47,11.46808510638298,130.92978723404255,True,2002-01-13 15:00:00,17.0,122.3,35.0,TS,TS,TS
2002078N04138,2002-03-18 18:00:00,2002-03-25 06:00:00,2002,30.0,53,9.347169811320754,123.71320754716982,True,2002-03-21 09:00:00,8.1,126.1,30.0,TS,TD,TD
2002199N08130,2002-07-17 12:00:00,2002-07-21 18:00:00,2002,35.0,35,12.245714285714286,124.29714285714284,True,2002-07-19 03:00:00,11.7,125.3,30.0,TS,TS,TD
2002222N11131,2002-08-10 06:00:00,2002-08-14 18:00:00,2002,35.0,37,12.656756756756756,125.16216216216216,True,2002-08-13 12:00:00,14.4,120.9,20.0,TS,TS,TD
2003144N16119,2003-05-24 06:00:00,2003-05-30 18:00:00,2003,55.0,53,19.522641509433964,123.05283018867925,True,2003-05-27 00:00:00,16.1,119.9,55.0,TS,TS,TS
2003196N05150,2003-07-15 00:00:00,2003-07-25 12:00:00,2003,130.0,85,13.428235294117648,128.97529411764705,True,2003-07-22 03:00:00,16.7,122.2,103.0,TS,STY,TY
2003196N11137,2003-07-14 12:00:00,2003-07-22 18:00:00,2003,65.0,67,14.119402985074627,119.83731343283583,True,2003-07-17 06:00:00,11.2,124.5,40.0,TS,TY,TS
2003226N07156,2003-08-14 00:00:00,2003-08-26 00:00:00,2003,90.0,97,16.289690721649485,131.99484536082474,True,2003-08-22 15:00:00,17.4,121.3,75.0,TS,TY,TY
2003294N11112,2003-10-21 00:00:00,2003-10-24 00:00:00,2003,25.0,25,11.44,116.352,True,2003-10-24 00:00:00,10.9,122.1,20.0,TS,TD,TD
2003302N11133,2003-10-28 18:00:00,2003-11-04 00:00:00,2003,75.0,51,17.23921568627451,125.12745098039215,True,2003-11-01 03:00:00,17.2,122.2,73.0,TS,TY,TY
2003316N11141,2003-11-11 12:00:00,2003-11-19 12:00:00,2003,75.0,65,14.680000000000001,119.02153846153846,True,2003-11-13 18:00:00,12.2,124.9,50.0,TS,TY,TS
2004134N07132,2004-05-13 00:00:00,2004-05-21 06:00:00,2004,140.0,67,16.32686567164179,129.4179104477612,True,2004-05-17 00:00:00,14.0,124.2,130.0,TS,STY,STY
2004158N07142,2004-06-05 12:00:00,2004-06-13 00:00:00,2004,75.0,61,10.375409836065574,124.7,True,2004-06-09 00:00:00,10.7,125.1,35.0,TS,TY,TS
2004333N06154,2004-11-28 00:00:00,2004-12-04 00:00:00,2004,130.0,49,12.151020408163264,133.6612244897959,True,2004-12-02 15:00:00,16.6,121.0,108.0,TS,STY,TY
2005071N06152,2005-03-12 00:00:00,2005-03-17 18:00:00,2005,80.0,47,10.040425531914893,136.93191489361703,True,2005-03-16 18:00:00,11.0,124.8,75.0,TS,TY,TY
2005311N08140,2005-11-06 12:00:00,2005-11-12 12:00:00,2005,45.0,49,14.422448979591838,127.84693877551021,True,2005-11-10 15:00:00,16.0,121.2,40.0,TS,TS,TS
2005316N05134,2005-11-12 00:00:00,2005-11-20 18:00:00,2005,70.0,71,12.173239436619717,128.3450704225352,True,2005-11-20 03:00:00,17.3,122.2,33.0,TS,TY,TD
2005350N08127,2005-12-15 12:00:00,2005-12-21 06:00:00,2005,45.0,47,9.072340425531914,115.41489361702128,True,2005-12-15 18:00:00,8.2,126.4,20.0,DS,TS,TD
2006128N09138,2006-05-07 18:00:00,2006-05-19 00:00:00,2006,125.0,91,14.917582417582418,122.92197802197802,True,2006-05-11 15:00:00,12.3,125.2,70.0,TS,TY,TY
2006174N08135,2006-06-22 18:00:00,2006-06-29 06:00:00,2006,45.0,53,14.394339622641509,120.32452830188679,True,2006-06-24 18:00:00,11.7,125.2,20.0,MX,TS,TD
2006209N13130,2006-07-28 00:00:00,2006-08-05 00:00:00,2006,70.0,65,17.453846153846154,119.15230769230769,True,2006-07-31 09:00:00,16.5,121.9,30.0,TS,TY,TD
2006268N12129,2006-09-25 06:00:00,2006-10-02 00:00:00,2006,125.0,55,14.243636363636364,118.07818181818182,True,2006-09-27 09:00:00,13.0,124.1,120.0,TS,TY,TY
2006298N12143,2006-10-25 00:00:00,2006-11-07 12:00:00,2006,140.0,109,15.453211009174312,121.21743119266056,True,2006-10-29 15:00:00,16.5,122.0,128.0,TS,STY,TY
2006311N16143,2006-11-07 06:00:00,2006-11-15 00:00:00,2006,125.0,63,15.944444444444445,123.03015873015872,True,2006-11-11 03:00:00,16.0,121.0,93.0,TS,TY,TY
2006329N06150,2006-11-24 12:00:00,2006-12-09 18:00:00,2006,135.0,123,11.304065040650407,116.92439024390245,True,2006-11-30 06:00:00,13.4,123.6,125.0,TS,STY,TY
2006340N08142,2006-12-06 00:00:00,2006-12-15 00:00:00,2006,100.0,73,13.016438356164384,122.71095890410959,True,2006-12-09 06:00:00,11.3,125.5,65.0,TS,TY,TY
2007306N18133,2007-11-01 18:00:00,2007-11-10 12:00:00,2007,75.0,71,16.607042253521126,119.34929577464787,True,2007-11-04 15:00:00,17.0,121.8,65.0,TS,TY,TY
2007323N09128,2007-11-18 12:00:00,2007-11-27 12:00:00,2007,80.0,73,10.89178082191781,116.28767123287672,True,2007-11-19 00:00:00,9.8,126.1,30.0,TS,TY,TD
2007324N10140,2007-11-20 00:00:00,2007-11-28 00:00:00,2007,95.0,65,15.903076923076924,127.08307692307692,True,2007-11-25 18:00:00,17.5,122.0,75.0,TS,TY,TY
2008012N12123,2008-01-12 06:00:00,2008-01-17 18:00:00,2008,40.0,45,9.37111111111111,112.51333333333334,True,2008-01-12 09:00:00,12.3,122.0,18.0,DS,TS,TD
2008104N08128,2008-04-13 00:00:00,2008-04-19 18:00:00,2008,100.0,55,14.338181818181818,115.52000000000001,True,2008-04-13 06:00:00,8.8,126.1,15.0,MX,TY,TD
2008135N12116,2008-05-14 06:00:00,2008-05-20 06:00:00,2008,75.0,49,17.155102040816328,122.11224489795919,True,2008-05-17 15:00:00,16.6,120.6,65.0,TS,TY,TY
2008169N08135,2008-06-17 06:00:00,2008-06-25 18:00:00,2008,110.0,69,14.53623188405797,122.91594202898551,True,2008-06-20 06:00:00,11.5,125.4,75.0,TS,TY,TY
2008272N08139,2008-09-27 18:00:00,2008-10-06 00:00:00,2008,40.0,67,15.289552238805971,120.71492537313432,True,2008-09-30 09:00:00,12.5,125.1,40.0,TS,TS,TS
2008311N08128,2008-11-05 18:00:00,2008-11-13 12:00:00,2008,55.0,63,13.573015873015873,116.7952380952381,True,2008-11-06 00:00:00,9.8,124.6,20.0,MX,TS,TD
2008320N08122,2008-11-14 18:00:00,2008-11-17 12:00:00,2008,40.0,23,10.126086956521739,115.12608695652175,True,2008-11-15 12:00:00,9.2,118.1,20.0,MX,TS,TD
2009121N13124,2009-04-30 18:00:00,2009-05-07 18:00:00,2009,115.0,57,17.866666666666667,131.79649122807018,True,2009-05-01 12:00:00,12.7,124.1,20.0,MX,TY,TD
2009123N10111,2009-05-02 18:00:00,2009-05-13 00:00:00,2009,90.0,83,16.551807228915663,120.55060240963856,True,2009-05-07 15:00:00,16.7,120.9,60.0,TS,TY,TS
2009164N10131,2009-06-13 06:00:00,2009-06-22 12:00:00,2009,75.0,75,18.32133333333333,120.296,True,2009-06-15 18:00:00,16.6,121.9,15.0,DS,TY,TD
2009173N10132,2009-06-22 00:00:00,2009-06-27 06:00:00,2009,45.0,43,15.604651162790697,121.01627906976744,True,2009-06-23 09:00:00,12.0,124.9,35.0,TS,TS,TS
2009213N16130,2009-08-01 18:00:00,2009-08-08 18:00:00,2009,45.0,57,20.029824561403508,112.66491228070174,True,2009-08-01 18:00:00,17.3,120.6,20.0,MX,TS,TD
2009268N14128,2009-09-25 00:00:00,2009-09-29 18:00:00,2009,90.0,39,15.397435897435898,116.32307692307693,True,2009-09-26 06:00:00,15.4,121.2,35.0,TS,TY,TS
2009270N10148,2009-09-27 00:00:00,2009-10-14 18:00:00,2009,135.0,143,16.111888111888113,123.13986013986013,True,2009-10-03 06:00:00,17.8,122.1,80.0,TS,STY,TY
2009299N12153,2009-10-25 18:00:00,2009-11-02 12:00:00,2009,90.0,63,14.49047619047619,129.3015873015873,True,2009-10-30 21:00:00,14.2,121.0,53.0,TS,TY,TS
2010191N12138,2010-07-10 06:00:00,2010-07-18 00:00:00,2010,80.0,63,15.836507936507937,120.18412698412699,True,2010-07-13 18:00:00,14.4,121.1,50.0,TS,TY,TS
2010198N15123,2010-07-17 00:00:00,2010-07-23 12:00:00,2010,80.0,53,18.071698113207546,115.32452830188679,True,2010-07-18 06:00:00,15.3,121.2,25.0,TS,TY,TD
2010285N13145,2010-10-11 12:00:00,2010-10-24 06:00:00,2010,160.0,103,17.34854368932039,127.4368932038835,True,2010-10-18 06:00:00,17.1,121.9,120.0,TS,STY,TY
2011126N11129,2011-05-05 18:00:00,2011-05-12 06:00:00,2011,50.0,53,18.473584905660378,126.1188679245283,True,2011-05-08 00:00:00,14.0,124.2,50.0,TS,TS,TS
2011159N13122,2011-06-08 00:00:00,2011-06-11 06:00:00,2011,30.0,27,17.925925925925927,118.60740740740741,True,2011-06-08 06:00:00,13.8,121.0,25.0,TS,TD,TD
2011205N12130,2011-07-24 00:00:00,2011-07-30 12:00:00,2011,65.0,53,16.17924528301887,119.21132075471698,True,2011-07-27 06:00:00,16.6,121.5,55.0,TS,TY,TS
2011233N12129,2011-08-22 12:00:00,2011-08-30 18:00:00,2011,140.0,67,18.901492537313434,123.2910447761194,True,2011-08-27 03:00:00,18.4,122.2,123.0,TS,STY,TY
2011266N13139,2011-09-23 00:00:00,2011-09-30 18:00:00,2011,115.0,63,16.763492063492063,122.27619047619046,True,2011-09-27 00:00:00,16.4,121.6,90.0,TS,TY,TY
2011270N18139,2011-09-26 12:00:00,2011-10-05 06:00:00,2011,130.0,71,17.91267605633803,123.99295774647888,True,2011-10-01 03:00:00,16.7,121.9,115.0,TS,STY,TY
2011282N08136,2011-10-09 00:00:00,2011-10-15 06:00:00,2011,30.0,51,12.149019607843139,124.2627450980392,True,2011-10-11 15:00:00,10.3,125.6,30.0,TS,TD,TD
2011346N03156,2011-12-11 18:00:00,2011-12-19 06:00:00,2011,50.0,61,7.5393442622950815,132.08032786885246,True,2011-12-16 09:00:00,8.1,126.2,45.0,TS,TS,TS
2012201N15129,2012-07-20 06:00:00,2012-07-25 00:00:00,2012,115.0,39,20.289743589743587,115.07435897435896,True,2012-07-20 15:00:00,18.9,121.9,20.0,MX,TY,TD
2012225N16133,2012-08-11 12:00:00,2012-08-18 00:00:00,2012,65.0,53,18.332075471698115,121.3754716981132,True,2012-08-15 03:00:00,18.4,121.5,55.0,TS,TY,TS
2012296N06135,2012-10-22 18:00:00,2012-10-29 00:00:00,2012,105.0,51,14.284313725490197,117.13529411764705,True,2012-10-24 06:00:00,10.7,125.1,35.0,TS,TY,TS
2012331N03157,2012-11-26 12:00:00,2012-12-09 06:00:00,2012,150.0,103,8.566990291262135,133.57669902912622,True,2012-12-04 00:00:00,7.8,125.9,115.0,TS,STY,TY
2012359N08134,2012-12-24 06:00:00,2012-12-29 06:00:00,2012,35.0,41,9.734146341463415,119.05853658536584,True,2012-12-25 18:00:00,10.8,124.8,35.0,TS,TS,TS
2013001N04141,2013-01-01 00:00:00,2013-01-08 00:00:00,2013,40.0,57,7.178947368421053,118.26491228070176,True,2013-01-02 18:00:00,8.1,126.2,20.0,MX,TS,TD
2013178N09133,2013-06-27 12:00:00,2013-07-02 06:00:00,2013,70.0,39,14.802564102564101,120.32564102564102,True,2013-06-29 00:00:00,11.7,125.2,30.0,TS,TY,TD
2013220N12137,2013-08-08 06:00:00,2013-08-15 12:00:00,2013,130.0,59,17.032203389830507,122.08474576271186,True,2013-08-11 21:00:00,16.4,121.5,108.0,TS,STY,TY
2013282N14132,2013-10-08 12:00:00,2013-10-15 12:00:00,2013,100.0,57,15.243859649122806,119.41228070175438,True,2013-10-11 18:00:00,15.5,120.5,90.0,TS,TY,TY
2013301N13142,2013-10-28 00:00:00,2013-11-04 18:00:00,2013,105.0,63,17.76984126984127,122.2968253968254,True,2013-10-31 12:00:00,18.3,121.8,90.0,TS,TY,TY
2013305N07141,2013-11-01 06:00:00,2013-11-21 00:00:00,2013,35.0,159,11.048427672955976,94.76540880503146,True,2013-11-04 09:00:00,9.8,124.1,28.0,TS,TS,TD
2013306N07162,2013-11-02 06:00:00,2013-11-11 06:00:00,2013,170.0,73,10.376712328767123,133.34383561643835,True,2013-11-08 00:00:00,11.0,124.8,165.0,TS,STY,STY
2013316N06130,2013-11-11 12:00:00,2013-11-15 06:00:00,2013,30.0,31,10.17741935483871,118.39032258064516,True,2013-11-12 03:00:00,7.9,126.1,15.0,MX,TD,TD
2014029N10143,2014-01-29 12:00:00,2014-02-01 06:00:00,2014,35.0,23,9.630434782608695,131.00434782608696,True,2014-01-31 15:00:00,10.6,125.0,33.0,TS,TS,TD
2014190N08154,2014-07-09 18:00:00,2014-07-20 06:00:00,2014,140.0,85,15.357647058823531,127.36,True,2014-07-15 09:00:00,13.2,124.1,108.0,TS,STY,TY
2014254N10142,2014-09-10 12:00:00,2014-09-17 12:00:00,2014,80.0,57,16.626315789473686,122.7421052631579,True,2014-09-14 12:00:00,17.8,121.7,70.0,TS,TY,TY
2014329N08131,2014-11-25 06:00:00,2014-11-30 00:00:00,2014,55.0,39,10.74102564102564,119.44871794871794,True,2014-11-26 09:00:00,9.0,126.2,28.0,TS,TS,TD
2014334N02156,2014-11-30 06:00:00,2014-12-12 12:00:00,2014,155.0,99,10.415151515151514,128.88888888888889,True,2014-12-06 18:00:00,11.9,125.3,100.0,TS,STY,TY
2014362N07130,2014-12-27 18:00:00,2015-01-01 06:00:00,2014,45.0,37,8.55135135135135,123.57027027027029,True,2014-12-29 00:00:00,8.9,126.0,40.0,TS,TS,TS
2015012N09146,2015-01-12 06:00:00,2015-01-20 00:00:00,2015,70.0,63,12.053968253968254,131.6079365079365,True,2015-01-17 09:00:00,12.2,125.5,60.0,TS,TY,TS
2015085N06162,2015-03-25 18:00:00,2015-04-05 06:00:00,2015,150.0,85,10.368235294117646,142.56588235294117,True,2015-04-05 03:00:00,16.8,122.0,25.0,TS,STY,TD
2015183N13130,2015-07-02 00:00:00,2015-07-09 18:00:00,2015,75.0,63,18.646031746031746,121.21904761904763,True,2015-07-05 00:00:00,17.6,121.9,50.0,TS,TY,TS
2015273N12130,2015-09-30 00:00:00,2015-10-05 06:00:00,2015,115.0,43,17.61627906976744,117.81162790697674,True,2015-10-01 18:00:00,15.7,121.3,30.0,TS,TY,TD
2015285N14151,2015-10-12 06:00:00,2015-10-20 06:00:00,2015,130.0,65,16.176923076923078,129.08307692307693,True,2015-10-18 00:00:00,16.0,121.4,105.0,TS,STY,TY
2015344N07145,2015-12-10 18:00:00,2015-12-16 12:00:00,2015,125.0,47,11.863829787234042,128.1468085106383,True,2015-12-14 09:00:00,12.7,124.0,113.0,TS,TY,TY
2016287N12131,2016-10-13 06:00:00,2016-10-19 06:00:00,2016,115.0,49,16.46938775510204,118.43061224489797,True,2016-10-15 21:00:00,16.0,120.8,95.0,TS,TY,TY
2016288N06146,2016-10-14 18:00:00,2016-10-22 00:00:00,2016,145.0,59,15.740677966101696,129.0406779661017,True,2016-10-19 18:00:00,17.8,121.6,105.0,TS,STY,TY
2016328N09130,2016-11-23 06:00:00,2016-11-28 00:00:00,2016,80.0,39,12.856410256410255,121.71794871794872,True,2016-11-24 12:00:00,10.7,124.8,35.0,TS,TY,TS
2016355N07146,2016-12-20 06:00:00,2016-12-28 06:00:00,2016,140.0,65,11.575384615384616,128.6846153846154,True,2016-12-25 15:00:00,13.5,123.4,110.0,TS,STY,TY
2017008N08128,2017-01-07 12:00:00,2017-01-16 00:00:00,2017,30.0,69,9.68695652173913,116.6840579710145,True,2017-01-08 21:00:00,10.1,125.0,28.0,TS,TD,TD
2017236N15129,2017-08-24 00:00:00,2017-08-27 12:00:00,2017,60.0,29,17.844827586206897,120.17586206896551,True,2017-08-25 15:00:00,16.4,121.8,40.0,TS,TS,TS
2017253N14130,2017-09-10 18:00:00,2017-09-16 00:00:00,2017,95.0,43,15.876744186046512,115.01162790697674,True,2017-09-12 03:00:00,14.5,121.3,30.0,TS,TY,TD
2017284N15134,2017-10-12 06:00:00,2017-10-16 06:00:00,2017,90.0,33,18.75151515151515,116.9090909090909,True,2017-10-12 18:00:00,18.2,122.0,35.0,TS,TY,TS
2017312N10134,2017-11-08 00:00:00,2017-11-14 12:00:00,2017,45.0,53,15.826415094339621,116.35471698113209,True,2017-11-08 21:00:00,12.5,124.9,28.0,TS,TS,TD
2017321N07124,2017-11-16 18:00:00,2017-11-19 12:00:00,2017,40.0,23,10.578260869565218,114.48695652173912,True,2017-11-17 06:00:00,9.9,118.7,25.0,TS,TS,TD
2017347N11131,2017-12-13 06:00:00,2017-12-23 18:00:00,2017,50.0,85,8.970588235294118,117.53882352941176,True,2017-12-16 09:00:00,12.2,125.5,35.0,TS,TS,TS
2017354N08134,2017-12-20 12:00:00,2017-12-26 12:00:00,2017,85.0,49,8.140816326530611,117.45714285714286,True,2017-12-21 21:00:00,7.8,126.1,48.0,TS,TY,TS
2017364N07138,2017-12-31 18:00:00,2018-01-04 06:00:00,2017,35.0,29,10.117241379310347,119.7551724137931,True,2018-01-01 15:00:00,9.3,125.6,28.0,TS,TS,TD
2018039N08151,2018-02-08 06:00:00,2018-02-15 18:00:00,2018,40.0,61,8.314754098360655,132.4688524590164,True,2018-02-13 00:00:00,9.2,126.1,35.0,TS,TS,TS
2018250N12170,2018-09-06 18:00:00,2018-09-17 12:00:00,2018,155.0,95,16.54421052631579,134.84315789473683,True,2018-09-14 21:00:00,18.0,121.4,128.0,TS,STY,TY
2018294N08161,2018-10-20 18:00:00,2018-11-03 06:00:00,2018,150.0,109,15.916513761467892,134.11284403669725,True,2018-10-29 21:00:00,16.8,122.3,98.0,TS,STY,TY
2018311N07179,2018-11-07 00:00:00,2018-11-26 12:00:00,2018,90.0,157,9.218471337579617,141.33248407643313,True,2018-11-20 18:00:00,11.3,125.3,20.0,MX,TY,TD
2019071N04161,2019-03-11 18:00:00,2019-03-19 12:00:00,2019,35.0,63,6.636507936507937,141.70634920634922,True,2019-03-19 00:00:00,6.4,125.1,20.0,MX,TS,TD
2019236N08143,2019-08-24 12:00:00,2019-08-31 00:00:00,2019,40.0,53,14.986792452830187,120.39999999999999,True,2019-08-27 18:00:00,16.3,120.6,25.0,TS,TS,TD
2019314N14136,2019-11-11 12:00:00,2019-11-22 12:00:00,2019,90.0,89,15.157303370786517,124.1438202247191,True,2019-11-19 18:00:00,18.5,122.2,65.0,TS,TY,TY
2019329N09160,2019-11-25 12:00:00,2019-12-06 00:00:00,2019,120.0,85,12.883529411764705,130.87411764705882,True,2019-12-02 15:00:00,13.0,124.1,118.0,TS,TY,TY
2019354N05151,2019-12-19 12:00:00,2019-12-29 06:00:00,2019,105.0,79,10.48354430379747,128.22911392405064,True,2019-12-24 12:00:00,11.4,124.9,90.0,TS,TY,TY
2020129N07134,2020-05-08 06:00:00,2020-05-17 06:00:00,2020,100.0,73,11.616438356164384,127.21369863013699,True,2020-05-14 06:00:00,12.2,125.3,100.0,TS,TY,TY
2020160N10133,2020-06-08 00:00:00,2020-06-14 12:00:00,2020,35.0,53,15.122641509433961,121.65849056603773,True,2020-06-10 06:00:00,12.1,125.4,20.0,MX,TS,TD
2020211N14124,2020-07-29 00:00:00,2020-08-02 18:00:00,2020,45.0,39,17.284615384615385,112.67179487179487,True,2020-07-29 12:00:00,15.3,121.0,15.0,DS,TS,TD
2020258N11127,2020-09-14 00:00:00,2020-09-18 18:00:00,2020,50.0,39,14.012820512820513,115.95128205128206,True,2020-09-14 15:00:00,12.5,124.6,10.0,DS,TS,TD
2020291N06141,2020-10-16 12:00:00,2020-10-26 06:00:00,2020,75.0,79,14.99873417721519,121.51139240506329,True,2020-10-20 15:00:00,16.1,121.1,43.0,TS,TY,TS
2020296N09137,2020-10-21 18:00:00,2020-10-29 00:00:00,2020,105.0,59,12.68813559322034,123.15593220338982,True,2020-10-25 21:00:00,13.1,121.2,78.0,TS,TY,TY
2020299N11144,2020-10-25 06:00:00,2020-11-06 06:00:00,2020,170.0,97,14.816494845360825,126.98556701030928,True,2020-10-31 21:00:00,13.6,124.3,150.0,TS,STY,STY
2020312N10131,2020-11-06 18:00:00,2020-11-11 00:00:00,2020,45.0,35,12.405714285714286,116.02571428571429,True,2020-11-07 09:00:00,12.4,125.0,18.0,MX,TS,TD
2020313N08135,2020-11-08 06:00:00,2020-11-16 00:00:00,2020,115.0,63,14.706349206349206,119.3079365079365,True,2020-11-11 18:00:00,15.1,121.3,95.0,TS,TY,TY
2020353N06129,2020-12-17 12:00:00,2020-12-25 12:00:00,2020,30.0,65,8.624615384615385,112.5276923076923,True,2020-12-18 06:00:00,8.1,126.1,10.0,MX,TD,TD
2021046N06142,2021-02-14 12:00:00,2021-02-22 06:00:00,2021,45.0,63,7.344444444444444,133.05238095238093,True,2021-02-22 03:00:00,12.3,124.5,20.0,MX,TS,TD
2021132N06132,2021-05-11 18:00:00,2021-05-14 12:00:00,2021,35.0,23,7.147826086956522,128.11304347826086,True,2021-05-13 18:00:00,7.5,126.4,25.0,TS,TS,TD
2021148N05142,2021-05-28 00:00:00,2021-06-05 12:00:00,2021,45.0,69,12.668115942028987,127.7159420289855,True,2021-06-01 18:00:00,11.9,124.0,30.0,TS,TS,TD
2021185N13121,2021-07-03 18:00:00,2021-07-08 00:00:00,2021,30.0,35,16.217142857142857,113.05142857142857,True,2021-07-03 18:00:00,13.0,121.2,15.0,DS,TD,TD
2021248N11131,2021-09-05 00:00:00,2021-09-13 12:00:00,2021,65.0,69,14.03623188405797,117.4086956521739,True,2021-09-06 15:00:00,11.4,125.5,60.0,TS,TY,TS
2021276N07131,2021-10-02 18:00:00,2021-10-10 12:00:00,2021,45.0,63,14.953968253968254,115.62857142857143,True,2021-10-04 06:00:00,9.8,122.6,15.0,DS,TS,TD
2021296N06127,2021-10-22 12:00:00,2021-10-27 06:00:00,2021,35.0,40,10.3475,115.0975,True,2021-10-22 15:00:00,6.1,125.7,10.0,DS,TS,TD
2021346N05145,2021-12-11 12:00:00,2021-12-21 12:00:00,2021,150.0,81,10.911111111111111,125.76172839506174,True,2021-12-16 12:00:00,10.1,124.2,120.0,TS,STY,TY
2022099N11128,2022-04-08 12:00:00,2022-04-13 06:00:00,2022,40.0,39,10.817948717948719,125.98461538461538,True,2022-04-10 03:00:00,10.8,125.7,38.0,TS,TS,TS
2022232N18131,2022-08-20 00:00:00,2022-08-25 18:00:00,2022,65.0,47,18.461702127659574,121.03829787234044,True,2022-08-23 06:00:00,17.9,121.6,55.0,TS,TY,TS
2022264N17132,2022-09-21 00:00:00,2022-09-28 12:00:00,2022,145.0,61,16.401639344262296,123.04262295081968,True,2022-09-25 12:00:00,15.2,121.4,115.0,TS,STY,TY
2022299N11134,2022-10-26 00:00:00,2022-11-03 00:00:00,2022,75.0,65,15.680000000000001,121.67846153846155,True,2022-10-28 21:00:00,13.6,123.1,55.0,TS,TY,TS
2023194N16123,2023-07-14 00:00:00,2023-07-19 06:00:00,2023,80.0,59,20.033898305084747,113.17457627118644,True,2023-07-14 00:00:00,17.9,121.3,15.0,MX,TY,TD
2023201N13134,2023-07-21 00:00:00,2023-07-29 00:00:00,2023,130.0,65,18.49230769230769,124.48,True,2023-07-25 21:00:00,18.9,121.4,113.0,TS,STY,TY
2023349N04141,2023-12-14 12:00:00,2023-12-18 12:00:00,2023,30.0,33,6.296969696969697,132.9909090909091,True,2023-12-18 03:00:00,7.3,126.3,28.0,TS,TD,TD
